#pheatmap(DATA BELOW, color=inferno(length(mat_breaks) - 1),  border_color=NA, 
#         breaks=mat_breaks, cluster_rows=TRUE, cluster_cols=TRUE, clustering_distance_cols=cluster_cols, labels_col=xlabel1,
#         labels_row=rownames(combined_ITSreads), fontsize_col=7, clustering_distance_rows=cluster_rows,
#         annotation_col=annotations, annotation_colors= annot_colors, 
#         main=paste("Subsampled to ", "threshold", sep="", collapse=""))
CORNER	RM109S73	RM109S169	RM109S81	RM109S177	RM109S1	RM109S9	RM109S105	RM109S113	RM109S121	RM109S33	RM109S129	RM109S41	RM109S137	RM109S49	RM109S145	RM109S57	RM109S65	RM109S161	RM109S170	RM109S82	RM109S178	RM109S98	RM109S106	RM109S26	RM109S122	RM109S34	RM109S130	RM109S42	RM109S138	RM109S146	RM109S154	RM109S162	RM109S91	RM109S11	RM109S27	RM109S35	RM109S59	RM109S67	RM109S4	RM109S12	RM109S36	RM109S44	RM109S60	RM109S77	RM109S85	RM109S5	RM109S29	RM109S61	RM109S69	RM109S78	RM109S6	RM109S14	RM109S22	RM109S54	RM109S62	RM109S79	RM109S186	RM109S87	RM109S15	RM109S39	RM109S8	RM109S16	RM109S32	RM109S48	D1AgITS1F1F3F5_WILD	H12AgITS1F2F4F6_WILD	E8AgITS1F1F3F5_WILD	C5AgITS1F1F3F5_WILD	E2AgITS1F1F3F5_WILD	D7AgITS1F1F3F5_WILD	B6AgITS1F1F3F5_WILD	C3AgITS1F1F3F5_WILD	C10AgITS1F1F3F5_WILD	A9AgITS1F1F3F5_WILD	F8AgITS1F1F3F5_WILD	B11AgITS1F1F3F5_WILD	G2AgITS1F1F3F5_WILD	D9AgITS1F1F3F5_WILD	D3AgITS1F1F3F5_WILD	E10AgITS1F1F3F5_WILD	A7AgITS1F1F3F5_WILD	A1AgITS1F1F3F5_WILD	B8AgITS1F1F3F5_WILD	B4AgITS1F1F3F5_WILD	H5AgITS1F2F4F6_WILD	E4AgITS1F1F3F5_WILD	H3AgITS1F2F4F6_WILD	A3AgITS1F1F3F5_WILD	C8AgITS1F1F3F5_WILD	F12AgITS1F1F3F5_WILD	D11AgITS1F1F3F5_WILD	C6AgITS1F1F3F5_WILD	B2AgITS1F1F3F5_WILD	D5AgITS1F1F3F5_WILD
Leptosphaeriaceae	0.477840302257558	0	0	0	0.388422746604973	0.299466782125869	0	0	0	0	0.0936435227380602	0	0	0	0	0.456020010597107	0	0	0	0.22328327139326	0	0	0	0	0	0	0	0	0	0	0	0	0	0.576058524876033	0	0	0	0	0.0604022900633549	0.322612926145386	0	0	0	0	0	0	0	0	0	0	0	0	0	0	0	0	0	0	0	0	0	0	0	0	0.110498924021966	0.147660398320486	0.386512779323349	0.122871388405405	0	0.555389693317031	0	0.133901887646069	0	0.314105991660348	0.826712306313431	0.173572140019407	0.238044638745374	0.0767348759193551	0	0	0.0825516470518083	0.165793940076968	0.066044378239636	0	0	0.416956320275974	0.131556172993976	0.430331482911935	2.35027860557201	0.0973861733914525	0.184281581159458	0	0.402993266542511	0.125087983430907
Helotiaceae	7.38414026447418	0.143215630604882	4.08046387241591	0.0594223115086406	5.50256037442664	3.59538348400108	0.152153960323378	0	0.692543361064444	2.74859456772154	0	1.99679914438777	0	3.55228807949897	0.942809041582063	3.68361436862497	2.85617905061292	0	0.139027520672755	1.76662085552706	0	0	0	4.96200592761104	0.370539837489909	5.57664553736824	0.631046530446577	1.04282625076805	0	0.200845329318348	0.116969065188078	5.36979301250738	6.82170145193435	1.32695208733007	1.58916137378586	1.95046627898562	3.32040436779709	1.47613618101023	6.74182643814976	1.67395627735914	0.184239874339605	1.11696050411566	0.208992006731081	0.0816034292439991	0.196836664794739	0.145417054319765	0	0	0.0833898143144186	0	0.208940679062228	0.0695064836065389	0	0.263529238631828	1.19987898678908	4.7476573641352	0.193130823812005	7.72935743174979	0	0.063075478702321	3.7350779204032	7.63378134556496	3.11363723675467	1.91467693881781	1.51105005981678	3.64873594927884	4.678517132956	1.38105108469439	3.82634996734099	4.34575334542856	3.0714378554577	3.29717821387285	6.64505337231057	2.62382452983071	1.22914253319396	7.66866779616051	3.67430208623867	3.60408935076304	4.83854160665947	7.9251903431595	3.9624790584868	1.36465635632679	2.66969643813603	2.1267326760471	5.04379932423325	1.61486488452477	1.22000175907357	0.625257148745709	1.20843595623329	2.52641582775869	5.97045779752076	3.16862125262239	1.98109894029372	4.92630719522804
Mrakiaceae	3.0878985349775	0.101268743572619	5.17553434418484	0	0.936453328971005	0.996438472314112	0.10758909712905	0	0.199920047968022	6.51306727499667	0	1.7963083046156	0.323423113676575	1.02740492828833	0	2.62459226040973	6.8949287510711	0	0.160535152970363	7.0147914319232	0	0	0	6.53228595402186	0	1.84845325384885	0.765256323444349	3.0278785273001	0.0899478453701443	0	0	0.102323544905905	4.15421385450396	6.03221744450964	1.21825335328688	2.9243255280911	3.28916750814938	1.67998386214623	2.59800072999618	2.57546910508446	0.184239874339605	0.536570470191722	0.208992006731081	0.115404676373017	0.0803582319030607	0	0.27348549437221	0.0603264043053186	0.0589655031836124	0	0	0.120388761061979	0.230021853114118	0.0680429568306527	0.12845609923999	2.69830663124255	0.334512399350025	3.31038762134329	0.120648417962749	0	3.02860222924325	0.227057812116128	3.15060562264998	0.36847974867921	0.37472008274863	0.373554543120351	1.15285506421811	0.29249240873763	0.780373302819466	0.606761241329816	0	0.476560310830595	0.604616488533406	0.104701997220116	1.36327296952901	0.506045399369258	3.21360262306255	0.491342943855625	0.55911196031369	4.00616808384888	0.0825516470518083	0.11723401930806	0.443039157826602	0	1.45692240667675	6.16757188659817	0.294168545674253	0.143443827637312	2.85078658039919	0.77908938713162	0.150465280944653	0.231403378166874	0	0.484463676638572
Bulleribasidiaceae	2.5767956433802	0	2.90347390072868	0.118844623017281	0.29131705995373	1.42724390857218	0	0.166547196482245	0.141364821613328	2.48895823993109	0.0764596161416539	0.584081660324569	0	2.99056508247568	0	3.57256099986249	1.11870772552177	0	3.85702200856613	5.36065888444149	1.43065845879825	0.160169228104546	0	2.81960722229545	0	1.64216149468849	0	3.05433738883153	0	0	0	0.20464708981181	1.8395168136328	4.4991609072163	5.6052040451523	1.40039262411933	0.787011313172187	2.22330306430618	2.9256165792752	1.66796714804258	0	0.309789105404395	0.255961888405728	0.0816034292439991	0.0803582319030607	0	0	0	0	0	0	0	0	0	0.090832178857369	1.21115861382208	0	2.25963261667644	0.120648417962749	0.199462177204776	0.980203746722279	1.81646249692902	2.78718873645679	0.974905778168771	0.690065559342354	1.58072508185518	0.600501198730268	0.597749625483141	1.14129132351873	2.06607277616688	0.930584214075518	0.836217020331468	1.08648870815963	1.58442872443376	0.219001439939201	0.876496342644037	1.0908575758291	0.740004344554389	0.768917053569585	0.785674201318386	0.639442308467293	0.52428647289669	0.878663303990578	0.438914513598137	1.61490141278942	3.92913584443266	1.39536393046487	0.836414058565646	3.51865775274498	0.364385695039776	2.06581762145125	0.379353356661272	2.65282644703207	1.0760475204711
Chaetomiaceae	0.58131781720773	0.202537487145239	1.57624516675254	0	0.388422746604973	2.90012689713286	1.26159399189817	0.235533304040407	0	0.462657406837649	0.305838464566616	0.533191167974728	0.723196067675465	0.603861164759398	1.97765292989218	0.372338779487163	1.53232202647239	1.23635664679976	0.139027520672755	0.244594568911273	0.825991046305587	0.244662537263909	1.19301384771099	0.359266988650733	0.676510091491738	4.46543093758502	0.216447174261354	0.287928055428603	0.0899478453701443	1.46217606818631	0.360522871679789	0.270722653087575	0	0	0.218804761462222	0.126785590977084	0.487269544885977	0.178244907420789	0.81038175946993	0.340717224472964	0.681106350766558	1.19980804606772	0.330445377019728	0.621473201782717	0.770769083436744	0.251869726368836	5.26059851954551	0.341257676551137	0	0.110370362112207	0.116801390412027	0.170255418651144	2.24197569711516	1.23418745234705	0.181664357714738	0	0	0	1.46775135224713	0.154502738102474	0.160066601562257	0	0	0.864161610190372	0.110498924021966	0	0	0.158626280339839	0	0	0	0.154616581754914	0	0	0	0.0867860700097035	0	0.15346975183871	0	0	0	0	0.161775027066481	0	0	0	0	0	0.356348322549899	0	0	0	0	0.125087983430907
Filobasidiaceae	2.12410629775468	0.101268743572619	2.16443896760786	0.0420179194215392	1.04811183815044	1.54367584351717	0	0	0.141364821613328	1.73473846796969	0	1.69660390744668	0	1.70234968038747	0	3.66356573431008	2.10794303706785	0	0.393229210557032	0.67725169428618	0.698089847152826	0	0	1.23609971696904	0	2.23109147866216	0	0.748873467158313	0	0	0	0	2.03893775304989	0.683585927024663	3.26378675920703	2.31824717100706	0.634508805762108	0.608822263541283	1.02861393487563	0.525556770995151	0.106370941045434	0	0.147779665173332	0	0.0803582319030607	0.0839565754562786	0	0.0603264043053186	0.0589655031836124	0.0332779162819861	0.0738716855153118	0	0	0	0.0642280496199949	2.38135272211402	0	0.603912219398768	0	0	1.03735013920036	1.62680755946693	7.1913690959152	0	0.65837332377264	0.959224496349707	0.574188970129612	0.506611712761779	1.36720076290071	1.14605097435537	0.34160398259347	1.09330433442784	1.08297823465929	0.70236234949252	0.18966081045272	1.30756398777823	1.02386870528168	1.16374201262244	1.07484125529822	0	0.350236976570713	0.0828969700384839	1.40567511657859	0.224177307687128	1.81830734916683	3.03548783063913	0.554256008616572	0.286887655274623	2.54483604112141	0.292158520174357	0.864357232515501	0.252165985155833	2.163940006408	0.353802245315779
Orbiliaceae	1.34476181063259	0	2.70054703060771	0	7.47682258729508	1.35825365387968	0	0	0.141364821613328	0.64460256389031	0.0936435227380602	3.61922529769952	0.228694676873174	1.96163177796429	0.298142396999972	1.26266223399803	2.65189567348888	0	0	0.864772391592807	0	0	0	0.683705149504427	0	1.83796549116771	0	1.1195051225862	0.237979629815494	0.200845329318348	0.218829083392507	0.177229578587583	2.34407392487085	0.479852792452528	2.19078096686173	0.828160012349522	5.59645657629764	7.18896574537799	3.74932345801088	0.959530995745403	0.411972883189376	0	0.147779665173332	0.115404676373017	0.160716463806121	0.0839565754562786	0	0.0603264043053186	0	0.0332779162819861	0	0.0695064836065389	0.727392967453308	0.204128870491958	0.12845609923999	1.43430996667418	0	0	0	0.063075478702321	5.96019764196917	0.293130374984018	0.911909506128991	0.260554529020984	0	0	0	0	0	0.14106912317172	0	0.133901887646069	0	0.405509091548164	0.109500719969601	0	0	0	0.142784312292706	2.00308404192444	0.565945578881413	0.865469775861746	0	0.242139166931246	0	0.49334937136406	0.0657780864969882	0.202860206483395	0	0.27544969439562	1.76756683218088	0	0.930673083679701	0
Ceratobasidiaceae	1.41750341067034	0	0.294154000516358	0	0.227733021518733	7.98355237029046	0	1.98230813942069	0.199920047968022	0.224421806690116	2.73657073461983	0.146020415081142	0.323423113676575	0.642361538860953	0	0.566212094110372	0.321458299495415	2.48165622801134	0.113515495284163	0.0998553146147727	2.70369035217938	0	3.61163693203643	0.228750515404086	8.78942572507778	0.399351881655502	0.15305126468887	7.13389246696537	0.0899478453701443	0.200845329318348	6.02816393542376	5.28231364074732	0.310935092337281	3.53960200274029	0.309436661171684	7.43724752171423	5.43075824628155	5.02969735081804	1.4770799279825	8.64573936080149	0	0.692709498373074	2.51225430794664	3.30871466407143	6.14674818402081	0.0839565754562786	0	9.68422006171141	0.629579291661831	3.91931356568151	1.81700321467196	0.0695064836065389	0.890870806374748	5.84971596009083	3.85528834405842	0	8.38285670044979	0.131784450404935	1.86517927848839	5.88531735879771	2.27215654446203	0.90823124846451	0.102597835208515	8.60619142764914	7.81735959970572	8.73870155894647	8.27017760548167	7.98632518529493	0.130062217136578	1.42472830612319	7.50997371472909	1.02269255972597	0.106882104764792	6.24975333869766	9.10108434259518	0.459228717020633	0.266141996957019	0.15346975183871	3.62252176644282	0	2.29071524023482	8.69272663935822	0.0934008554249918	2.11290333408897	4.11169316387709	0.18646853515705	9.57991834950835	4.91072564265695	0.356348322549899	9.37743392785682	3.5367343588809	8.65213486666753	4.4466431156514	4.45425645459398
Phaeosphaeriaceae	1.25700158029902	4.97764461912068	0.975598450294768	0.552659443586273	0.217134916353974	1.15982985991582	0.274299452855427	0.0679926082454255	8.89588054368324	0.861908303093389	1.07043462598316	6.00935068576751	0.323423113676575	3.07598178599902	0.666666666666667	0.773219547694466	0.69442929479364	0	0.212368045721646	0.89313308557304	0.312195270527231	0	0.93977772547955	0.835278782185005	0.370539837489909	0.825483356637692	0.483990595186131	1.64218503116502	0	0.602535987955043	1.07203919038518	4.85686657921294	2.05729511923995	0.520473429761437	2.02024463622243	0.501831826323055	1.08956782573043	0.0727681787384266	0.579358413532232	0.506156801770028	0	0	0.946251555871073	0.182470814986676	2.04084597785037	0.524308645676844	0.77353379050698	0.693097617544568	0	0	0.799044449791221	0	2.18217890235992	0	0.48914625293805	0.88719775523121	0.193130823812005	1.8117366581963	2.25389845027744	0.289048155648961	2.78626255609808	0.972203468478169	0.502624689950035	0.902587364813048	0.65837332377264	0.528285901166885	1.72555488645997	0.702268479687992	2.36448675147534	5.78727373755837	0.963018429606719	1.05999788000636	2.37557349992845	1.24326733218775	0.589679423536184	0.930676917081783	1.17826084797369	3.1235901842541	2.62505764219999	0	1.30002463779717	1.49214546069271	2.71264771880545	0.0915200026240616	3.48198234592969	0.18646853515705	0.335403746614937	0.517194075695146	1.59363814577919	1.44774954867561	2.91763004670352	0.440578906012334	1.89020596849372	1.39852617059938
Sporidiobolaceae	1.29282075890623	0.175402609086441	4.10763707304536	0.0594223115086406	0.29131705995373	0.816208865691583	0.274299452855427	0	0.424094464839985	2.23014759548735	0.0540651130606839	1.36459443847649	0	0.339340679447309	0	3.54455957886066	2.00321230058436	0.148839849643251	0.573225152601513	1.79461976077143	0	0	0	2.44452865918768	0	4.32524139509528	0.15305126468887	1.51393926365005	0.0899478453701443	0	0.116969065188078	0.177229578587583	2.50790992725899	0.973716626543225	1.24737905956952	0.828160012349522	0.406410894559028	1.67287696553144	0.981421048405312	1.60684855893187	0	0.309789105404395	0.295559330346664	0.230809352746034	0.0803582319030607	0.118732527660669	0	0	0	0	0	0	1.81119388261535	0.117853858327906	0	3.55885853340968	0.841837743879287	0.475155593243834	0	0	0.226368358812315	0	1.94665705356915	0	0.174714139453653	0.132071475291721	0.124315558676267	0.100324068526856	0	0.614906051959418	0.191964865966106	0.244470281187581	0.123416823915013	0.256466468239587	0.18966081045272	0.122734037232784	0.119022319372687	0.0767348759193551	0	0.277777777777778	0.142983646942226	0	0.161775027066481	0.129428828939369	0.435176969419534	0.456752764218999	0.0657780864969882	0.143443827637312	1.79947082168487	0.0973861733914525	0.106395020489103	0	0.658085248537712	0.125087983430907
Didymellaceae	1.50196996710339	0.350805218172882	0.368741554134281	0	0	0.423509984762633	0	0	0	0.194354985756841	0.120893268014901	0	0.686084030619522	0	0	0.131641637937048	0	0	0.196614605278516	0.468362941371257	0	0	6.43778082181365	0.972301816606998	0.213931274920279	0.155447509108863	0	0.388812635823311	0	0	0	0.992063575159583	0.394668518981929	0.831129416681582	0.618873322343368	1.07581141363968	0.753505965341964	0.439630624555578	1.0972620893917	0	0.106370941045434	0	0	0	3.36162602181231	0	0	0.0603264043053186	0	0	0	0	0	0	2.1408279379075	2.30500738263227	0	2.74542152573013	0	0.0892021974339977	0.940178405559988	0	0	0	0.753502201566504	0.401679710612844	0.189895152564906	0.646292601783375	1.62447657137037	3.97504654373702	3.70165474904072	1.17498429549884	0.67032493355495	4.79233291047701	0.154857403270628	0.985700274554624	0.266141996957019	0.911176166672831	0.386661745548494	0.277777777777778	7.84718432039237	3.42295231180074	0.532466800194066	8.62378760790506	1.3280029699765	0	0.91854098946374	1.12947782829459	1.49071198499986	0	2.49064357363963	0.208584186324063	3.63997593682697	0.599900894125562
Pleosporaceae	1.31036322657162	0	1.36619978558808	0	0.434269832707947	0.415878549159506	0	0	0.141364821613328	1.13881629047004	0	1.02907276734121	0	1.85347535341357	4.90804328514826	0.279254084615373	0.84031273651479	0	0	1.23917186618707	0	0.369894987848216	0	1.04992914878585	0.370539837489909	0.0983136370767556	0	0.729075950058612	0	0	0.116969065188078	0.250640473692228	0.782502822420698	0.50729474818221	1.53553558708292	0.585597560639882	0.634508805762108	0.59563321354069	1.030385880952	0.60355351909032	0	0	0	0.115404676373017	0	0	0	0	0	0	0.295486742061247	0	0	0.245332369787101	0.333738735638658	0.189151196964384	0	0	0.381523796858258	2.64541294844376	0.160066601562257	2.35600974558517	0	0	2.88357734680697	0.770102419107276	1.55435881341229	3.07178471013513	2.3411199084584	2.27029268062983	2.40658924305604	3.20806120666573	0.760792397543665	3.31758319485265	1.19952028780813	0.660943017943522	1.44306893071729	1.49189650007353	2.37783398525505	1.46986183948033	1.32082635282893	0.678540943484332	0.560405132549951	3.75455163921856	0.729813964398318	3.77109274254545	0.764272300644679	1.62288165186716	3.59894164336975	0.681703213740167	0.857784078318652	0.566820201265136	1.58231531261792	2.64465699263032
Taphrinaceae	1.15870115397982	0	0.566907774877287	0	0	0.887640672650546	0	0	0	0.501822415392417	0	0.188511545271853	0	0.391836865251789	0	1.30650595200204	1.45743519345838	0	0.424736091443292	1.18571616494461	0	0	0	1.01787553575728	0	0.286631044200921	0	0.231609231774234	0	0	0	0	1.41921803327567	1.06028498669635	0.513142650743406	0.301810074577785	0.14368794974539	0.371046363355845	0.283311853242586	0.228121787775837	0	0	0	0	0	0	0	0	0	0	0	0	0	0	0	0.768335794210757	0	0	0	0	0.45273671762463	0.262183777893708	1.02597835208515	0	0	0.524142418360959	0	0	0	0.50863195698038	0.0783693283597874	0	0.0617084119575067	0.377508419620616	0	0	0	0	0	0	0	0.11723401930806	0	0.0915200026240616	0	0	0.271209998478097	0.202860206483395	0	0	0.237906498281117	0.0578508445417186	0	0.176901122657889
Holtermanniales_fam_Incertae_sedis	0.702278951440982	0	0.521479306867233	0.0594223115086406	0.194211373302486	0.265448930999792	0	0.0961560687218015	0	1.05859554496831	0.0540651130606839	0.70028930969335	0	0.603861164759398	0	0.671243280642323	0.355385521723995	0.148839849643251	0.240802729455544	0.546930083012863	0	0	0	0.550904193237156	0	0.455861581577226	0	0.0987585082576786	0	0.200845329318348	0	0.228802402108356	0.302174594306328	0.419619094187767	0.513142650743406	0.283501199992244	0.850069374563734	0.224286589992853	0.341686951223961	0.253078400885014	0.150431227468841	0	0	0.163206858487998	0	0	0.38676689525349	0.0603264043053186	0.0589655031836124	0	0.0738716855153118	0.0982970117892305	0	0.0962272723738761	0.467587259207725	0.681994339470473	0	0.52713780161974	0.120648417962749	0	0.4383604418942	0.293130374984018	0.229415733870562	0	0.156269076979498	0.238095238095238	0.277978039860997	0.187689146037363	0	0.0997509336107633	0.110830967040482	0.231924872632371	0.123416823915013	0	0.109500719969601	0.368202111698351	0.168322978281956	0.1879612914782	0	0	0.165103294103617	0	0.0934008554249918	0.303537509516354	0.108794242354883	0	0.186048524061983	0.351364184463153	0	0.27544969439562	0.638370122934617	0.141705050316284	0.164521312134428	0.176901122657889
Plectosphaerellaceae	1.46503062491505	0	0.248605505081814	0	0.557829700303158	0	0	0.166547196482245	0	0.404582165676741	0	0.4769006786376	0	0.195918432625894	0	0.372338779487163	0	0	0	0.564866960812975	0	0	0	0	0	0.380767079103354	0	0.296275524773036	0	0	0	0.306970634717715	0.463514668704223	0	0.451077571448409	0.10352000154369	0.92564486518016	0.13613679674936	0.191008812490358	1.90545516271746	0	1.60971141057517	0	0.115404676373017	0	0.265494002989631	0	0	0	0	0	0	0	0.136085913661305	1.46462487557533	0	0	0	0	0	1.59264257654797	1.43603969364308	0.369921755595907	0	0	0	0	0	0	0	0	0	0	0	0	0	0	0	0	0	0	0	0	0	0	0	0	0	0	0	0	0	0	0
Teratosphaeriaceae	0.98856370411604	0	0	0	0.227733021518733	0	0	0	0	0.250911207696209	0	0.1192251696594	0	0	0	0	0	0	0	0.299565943844318	0	0	0	0	0	0.0983136370767556	0	3.78452603068001	0	0	0	0	0	0	0.818692451986433	0	0.175981079531438	0.575282964989165	0.0854217378059901	0	0.106370941045434	0	0	0	0	0	0	0	0	0	0	0	0	0	0	0	0	0	0	0	0.423496420940996	0	0	0	0	0.147660398320486	0.101503228615292	0	0	0.199501867221527	0	0	0.0617084119575067	0.277015446416203	0	0	0.119022319372687	0	0	0	0	0	0	0.158517294453712	0	0.18646853515705	0.0657780864969882	0	0.50395263067897	0	0.150465280944653	0	0	0.279705234119875
Herpotrichiellaceae	0.708751705335168	0.143215630604882	0.157231926983019	0.072777171266441	0.27465635809148	0.697736486963305	0.456461880970135	0.215011506111089	0.632202701509068	3.55019409558738	0.0936435227380602	0.303965733302346	0.646846227353151	0.939591795185283	1.15470053837925	0.727014707954274	0.899700468746938	0.297679699286501	1.08880238133649	0.654795086911207	0	0	1.04095945625085	1.27362896764587	0	0.219835975618869	0.865788697045416	1.24137519977586	0.348366507145809	0.568076377322596	0	1.45068662234966	0.806169145102041	0.67360603476497	1.42643252719431	0.273888179805627	1.69710007154372	0.736721659300871	0.325276286719509	0.253078400885014	0.398003617300743	0.309789105404395	0	0.774158103874288	0.311226093891228	0	1.52270278931654	0.208976794589507	0	0.110370362112207	0	0.219798800345818	0.325300024316178	0.48113636186938	0.111246245212886	0.768335794210757	0.946143943885542	0	0.341245257923554	0.0892021974339977	0.953706847630346	0.507716702714037	0.760885910252682	3.18047334942595	0.25914294733808	0.161753862020657	0.189895152564906	0.265432535836263	1.15235417976803	0.518321055348816	0.872683907161097	0.535607550584276	1.51657132249548	0.58295604883929	0.409714177731321	0.781074630087331	0.336645956563912	1.51733394554472	3.06570919769169	0.277777777777778	0.0825516470518083	0.388821254710116	1.43637033222962	0.158517294453712	1.1427711863607	0.372937070314101	0.0930242620309913	0.320750149549792	1.88561808316413	0.168677800268708	0.150465280944653	0.081813448945636	0.668288729080597	0.279705234119875
Nectriaceae	0.734072201169179	8.01559857597844	1.11179761788721	9.88109245302272	0.423273874955896	0.196047028173806	9.75240419899672	9.75166665461074	3.96073857253518	0.388709971513682	9.54230100458954	0.377023090543706	4.45221020755058	0.518351449981679	4.02216083439956	0.558508169230745	0.596601354688838	9.51993454514829	8.64582779445678	0.817350976268225	0.764719112901873	9.09257257352334	6.17602455656926	0.236252516425703	3.5925170131403	0.155447509108863	9.5800800592884	0.478749631229233	8.727258936441	4.61070189936854	3.16789718610761	1.08771420242567	0.34375167847909	0.385993426237026	0.437609522924444	0.273888179805627	0.767083741652735	0.439630624555578	0.289679206766116	0.289937732203489	1.31142903697892	4.81918749772156	5.34464113911071	8.36743593649185	4.17166818505613	9.88408179620712	5.20341640259439	2.09672226776504	9.80938598514981	8.90269783789793	8.15052789994298	5.61842881548775	4.26626982281456	7.49492474543095	1.62485541175597	0.267500188086136	3.06585678184558	0.186371357072543	8.72847737705085	6.77701917218442	2.11748210470498	0	0.102597835208515	0.260554529020984	0.620173672946042	0.0660357376458606	0.101503228615292	0.589270477827843	1.91372752519355	0.315440148938256	1.00055260496036	0.825426671229406	1.04722647723374	0	0.991571192228069	0.357828133482257	0.206152704388184	1.13557246309365	0.21810663971118	0	0.0825516470518083	0.625858398976153	0.401732269292901	0	2.14023466812048	0	0.174032458588727	0	0	0	0.184281581159458	0	0.604489899813767	0.216658742718665
Lecanoraceae	0.715165878656114	0	0	0	0	0	0	0	0	0	0	0	0	0	0	0	0.586899873102969	0	0	0.411714009435991	0	0	0	0.289349057845737	0	0	0	0	0	0	0	0	0	0	0	0	0.497749658788837	0.178244907420789	0.191008812490358	0.154978236771953	0	0	0	0	0	0	0	0	0	0	0	0	0	0	0	0	0	0	0	0	0	0	0	0	0	0.132071475291721	0	0.173766383910536	0	0.65411061489431	0.303523103590917	0.109330433442784	0.195139132577691	0	0	0	0.119022319372687	0	0	0.680413817439772	0	0	0	0	0	0.18646853515705	0.0657780864969882	0	0	0	0.106395020489103	0.0578508445417186	0	0.125087983430907
Kondoaceae	1.40455790288196	0	1.19744268090044	0	0.0686640895228701	0.33956341346992	0.372699565135954	0	0.199920047968022	0.918485828729783	0	0.795331080792091	0	1.10828201815368	0	0.671243280642323	1.03334385818549	0	0.160535152970363	0.172954478318561	2.09426954145848	0	0	1.30207076030582	0	1.4812442980157	0.15305126468887	0.0698328108888722	0	0	0	0	1.15414221751252	1.73599541354519	1.69485439442814	0.301810074577785	0.806446617832861	0.317189137426307	1.08219599103496	0.593521459990991	0	0	0	0	0	0	0	0	0	0	0	0	0	0	0	0.66875047021534	0	0	0	0	0.480199804686772	2.17786202592188	2.0976176963403	0	0.191389750587738	0.219015764525667	0.101503228615292	0.141879658343127	0.682052020727351	0.527832326761188	0.271479316948401	0.289261137620505	0.326530223680574	0.628211983320696	0.109500719969601	0.756583417758687	0.798425990871056	0.558638329033211	0.116582902797111	0	0.233491317713809	0.11723401930806	0.647100108265924	0.158517294453712	0.543971211774417	3.33565056220779	0.348064917177453	0.40572041296679	0	0	0.352872362524529	0.081813448945636	0.885974380129913	0.176901122657889
Physalacriaceae	0.523447824863103	0.101268743572619	0.916811802571815	0.111168965397744	0.227733021518733	0.56025104871734	0	0.135985216490851	0.346271680532222	0.65429637948217	0	0.421524629771392	0.396110799764885	0.634848279943456	0.421637021355784	0.573812596529762	0.448252182309055	0.556907722863991	0.179483757410029	0.66984981417978	0	0	0	0.575676172761233	0.566008951098048	0.367855946388855	0	0.362861929484627	0.311588476424878	0.200845329318348	0.165419238367082	0.306970634717715	0.387804195017008	0.797870659352717	0.811349770462728	0.351053405161472	0.454381193515243	0.235795848749569	0.352202847697915	0.228121787775837	0.336374450559063	0.819624931777204	0.295559330346664	0.282682571044917	0.160716463806121	0	0.864837069233344	0.413576991201411	0.166779628628837	0.0665558325639722	0.0904739679759304	0.170255418651144	0	0.136085913661305	0.111246245212886	1.07832773203438	0.431853650594178	0	0.120648417962749	0.063075478702321	0.767652453601811	0.185391927265748	0.732695097065047	2.06808746028326	0	0	0	0	0	0	0	0	0.106882104764792	0	0.154857403270628	0.0867860700097035	0.119022319372687	0	0	0	0	0	0.066044378239636	0	0	0	0	0	0	0	0	0	0	0
Bondarzewiaceae	0.331057472565664	0	0.368741554134281	0	0.322063127631997	0.357931265542148	0	0	0	0.372161463782393	0	0.0843049259542784	0	0.25917572499084	0	0.294359651096654	0.378842239069841	0	0	0.546930083012863	0	0	0	0.295315645532129	0	0.3544748595576	0	0.231609231774234	0	0	0	0	0.310935092337281	0.272938569185631	0.394455893383854	0.310560004631071	0	0.241344745552878	0.270127253156643	0.154978236771953	0.184239874339605	0	0	0.0816034292439991	0	0	0	0	0	0	0	0	0	0	0	0.681994339470473	0	0	0	0	0	0	0	0	0.0781345384897492	0	0	0	0	0	0.175239145563487	0	0.0617084119575067	0	0.154857403270628	0	0.168322978281956	0	0	0	0.0825516470518083	0	0	0	0.140452762934572	0.263706331374945	0	0	0	0	0	0	0.201496633271255	0
Cystofilobasidiales_fam_Incertae_sedis	0.0955680604515117	0	0	0	0	0	0	0	0	0	0	1.4307020359128	0	0	0	0.436605919825003	0	0	0	0.528384659117604	0	0	0	0	0	0.340568428987656	0	0	0	0	0	0.354459157175166	0.983263096260576	0	3.3737821128613	0.474388243015906	0	0	0	1.09036854627722	0	0	0	0	0	0	0	0	0	0	0	0	0	0	0	0.627343548977472	0	0	0	0	0.4383604418942	0	2.06219096568367	0	0.206724557648681	0.174714139453653	0.0717736212662014	0.255777191550729	0	0.172773685116272	0.0783693283597874	0.409077023890389	0.222492843440245	0	0	0.766473816854088	0	0.287115615306837	0	0	0	0	0.238126392199146	0	0.494585214940605	0.589665283051462	0.113930987837444	0	0	0	0.451395842833958	0	0.164521312134428	0.55941046823975
Protomycetaceae	0.776398593364652	0	1.07217879438082	0	1.0390762226666	0.415878549159506	0.0760769801616892	0.0961560687218015	0	1.35584950385691	0.0540651130606839	5.60802045201263	0.228694676873174	2.79655977397715	0	4.78368396401432	3.95668028840395	0	0.0802675764851815	1.30959017382241	0	0.092473746962054	0	1.34684656673209	0.605089020816052	1.99312563018287	0	1.76664590256515	0	0.200845329318348	0	0	1.91392834509888	2.43150792729277	2.90483408154281	4.25881336676457	1.60004129192098	2.477860667369	2.16776068758251	1.15629413743239	0.150431227468841	0.309789105404395	0.147779665173332	0	0	0.118732527660669	0.27348549437221	0.0603264043053186	0	0	0.052235169765557	0.0695064836065389	0	0	0.090832178857369	2.40378354122393	0	3.52384819174996	0.120648417962749	0	2.54349808851154	3.37291049038469	0.718184846459608	0	4.64752747162527	1.83122708561962	0.320981392285102	4.29288553154001	2.31386496436841	1.79274380441231	1.17030364134562	7.72850949102766	2.87192832053368	0.783518002617263	0	2.12581588305231	0.959588616582912	1.35974546561504	1.88345443576976	2.16951379886296	0.922955472312068	0.56831299400364	2.9417562842233	0.419397339627319	2.87499635479512	0.745874140628201	1.09080616169026	0.248451997499977	0	1.17268481755984	1.54181032582613	1.01362868238638	0.885974380129913	0.353802245315779
Aspergillaceae	0.496586208848496	0	0.368741554134281	0	0	0	0	0	0	0.354842032875391	0	0.223049868372735	0	0	0	0.372338779487163	0	0	0	0.360033456971152	0	0.358149281945434	0	0.228750515404086	0.302544510408026	0.183927973194427	0.37489750297538	0.0987585082576786	0.201129496677282	0	0.116969065188078	0.102323544905905	0.274218976069117	0.14253751903121	0.244631160215077	0	0.351962159062877	0.304411131770642	0.217783553978875	0.245042107978116	0	0.979639167383865	0	0	0.160716463806121	0	0.47369077138576	0	0	0	0	0	0	0.192454544747752	0	0.583003143622795	0	0	0	0	0.277243486500714	0	0	0.36847974867921	0	0	0.0717736212662014	0.0709398291715637	0	0	0.110830967040482	0.133901887646069	0.0617084119575067	0	0	0	0	0	0.0824365611382497	0	0	0.143581763900169	0	0	0.258982098404982	0	0	0	0	0	0	0	0	0
Cystofilobasidiaceae	0.58131781720773	0	0	0	0.265934875204571	0.702311857213393	0	0	0	0	0	0.223049868372735	0	0.0979592163129471	0	2.04997775680532	0	0	0.179483757410029	1.03291140601662	0	0	0	0.204600680932659	0	2.31611572154098	0	0.571606192176874	0	0	0	0.521749752175198	0	0.576058524876033	3.09436661171684	1.25297695127334	0.903064761038946	0	0.382017624980715	0.0894767267188205	0	0	0	0	0	0.0839565754562786	0	0	0	0.0332779162819861	0	0	0	0.152148676863423	0	1.27589457900886	0	0	0	0	0.160066601562257	0.786551333681123	0.945905302926917	0	1.0569844451155	0.714285714285714	0.320981392285102	1.02310876620292	1.05663044700966	0.614906051959418	0	1.04007668118712	0.629304793448298	2.27470962558475	0.18966081045272	4.69608077687671	0	2.06329793651945	2.14810128014299	0	0.534995818769256	0	2.21814741707665	0.158517294453712	2.40580454857024	1.61486488452477	0.147084272837127	0	0	0.217762103771869	0.737126324637831	0.115701689083437	0.973321208607511	0.306401732359438
Didymosphaeriaceae	0.662114945131328	0	0	0	0	0.0800358641024772	0.152153960323378	0	0	0.274859456772154	0	0.188511545271853	0	0.195918432625894	0	1.07753324598184	0	0	0	0.331182611900093	0	0	0	0.270661259911146	0	0.069518239460087	0	0	0	0.724158133294754	0	0.382859647638075	0.518225153895468	0.339307163514483	0	0	0.175981079531438	0.0891224537103944	0	0.126539200442507	0.106370941045434	0	2.18693933319709	0	0.550908282226312	0	0	0	0	0	0	0	0.690065559342354	0.245332369787101	0.416245335151661	0	0	0	0	0.063075478702321	0	0	0	0	0	0	0.0717736212662014	0.100324068526856	0	0	0	0.077308290877457	0	0	0	0.173572140019407	0	0	0.329746244552999	0	0.0825516470518083	0.274938145874984	0.238126392199146	0.0915200026240616	0.251249540439493	0	0	0	0	0.0973861733914525	0	0	0.116334135459963	0.306401732359438
Amniculicolaceae	0.427393359294779	0	0	0	2.74913727841619	0.630203024146245	0	0	0	1.50127956839591	0.0540651130606839	0.188511545271853	0	0.0979592163129471	0	0.436605919825003	0.656174006122119	0.148839849643251	0	0.435259225381254	0	0	0.4841311406817	0.364089580122816	0	0	0	0	0	4.98080219242165	0	0.32357546016518	0.163877182710096	0.703120884866131	0	0	0.26881553927762	0.230113185995666	0.12080458012671	0.209841524569685	0	0	0	0	0	0	0	0	0.0589655031836124	0	0	0	0.230021853114118	0	0.0642280496199949	4.53174057396227	0.193130823812005	0	0	0	1.01865761465542	1.17982700052168	0.984083864633284	0	0	0	0	0	0	0	0.259921657241573	0	0	0	0	0	0	0	0	0	0.0825516470518083	0	0	0	0	0	0	0	0	0	0	0	0	0
Microdochiaceae	0.708751705335168	0	0	0.237689246034563	0	0	0	0	0	0	0	0.252914777862835	0	0.239950095569643	0	0.30872700661445	0	0	0	0	0	0	0.193301318257102	0	0	0	0	0	0.298323253793675	0	0	0.758851718925438	0.474961198951225	0	0	0	0	0	0.377212180544331	0	0	0	0	0	2.93390094657322	0.989833426474408	0	0	0	0	0.326208530631904	0	0	0	0.301256256160346	0	0	0	0	0	0.196040749344456	0	0	0	0.420767366896694	0	0	0.187689146037363	0	0	0	0.327991300328352	0.653060447361149	0	0	0.122734037232784	0	0.108519502232169	0.349748708391334	0	0	0.331587880153936	0	0	0	0	0	0	0	0	0	0	0	0.125087983430907
Sordariaceae	0.0955680604515117	0	0.333539285366164	0.230141622866115	0	0.138626183053169	0.790615169558731	0.179891532408036	0	0.112210903345058	0	0.1192251696594	0	0	0	0	0	0.364581685018533	0.113515495284163	0.468362941371257	0	0	0	0.413441903744981	0	0	0	0	0	0	0	0.708918314350333	0.4692728356794	0	0	0	0.101602723639757	0	0.276798066364003	0.167395627735914	9.62465999963749	1.07314094038344	0.147779665173332	1.23488396343264	0	0.187732609878329	0	0	0.0589655031836124	0	0	7.71334089795768	0	0	0	0.982858450364341	0	0	0.638411420005622	0	0	0	0	1.49677181480025	0.110498924021966	0	0	0.141879658343127	0	0	0	0.244470281187581	0.123416823915013	0	0.797177274334027	0	0	0	0.142784312292706	0	0.0825516470518083	0	0.0934008554249918	0	0.435176969419534	1.1188112109423	0.113930987837444	0	5.48012281173935	0	0	0	0	0
Psathyrellaceae	0.331057472565664	0	0.111179761788721	0.0420179194215392	0	0.366770405560801	0	0	0	0.4345909599183	0.0540651130606839	0.146020415081142	0	0	0	0.294359651096654	0.293449936551484	0	0	0.141216740203244	0.764719112901873	0.413555168682535	0.058282540376353	0.289349057845737	0	0.250651576953328	0.15305126468887	0.369520501929118	0	0	0	0	0.0732881041001855	0	0.328207142193333	0.273888179805627	0.14368794974539	0	0.104619835283243	0.126539200442507	0	0	0	0	0	0	0	0	0	0	0	0	0	0	0	0	0	0	0	0.063075478702321	1.18167752495981	0	0.397359707119513	0	0	0	0.124315558676267	0	0	0	0	0.077308290877457	0.0617084119575067	0	0.109500719969601	0	0	0	0	0	0	0	0	0.0915200026240616	0.243271321466106	0.263706331374945	0	0	0	0.13772484719781	0	0	0.232668270919925	0
Mortierellaceae	0.165528736282832	0.101268743572619	0	0.0420179194215392	0	0	0.688906355510535	0	0.509698112873676	0.372161463782393	0.14304284376316	0.1192251696594	1.14347338436587	0.379394413387574	4.85340659285368	0	0.303073791255872	0.393793227332287	0.632027529272164	0.623596239898698	0	0	0	1.27909521150931	0.641793824760837	0.310895018217726	0.45915379406661	0	0.667071074751579	0.284038188661298	0.143257262700567	0.716264814341336	0.394668518981929	0	0	0.163679494131104	0.101602723639757	0	0.0854217378059901	0.0632696002212535	0.106370941045434	1.15912469457845	0	0.0816034292439991	0.819496385103041	0.29083410863953	3.18936152324468	0.319217326565219	0.533955341191678	0.13720836383109	1.01556777176367	0	4.25384979697663	0.485923906272537	0.411260181244829	0	0	0	0.682490515847108	0.472013661621684	1.44503886807891	0	0	0	0.2470831055537	0	0.101503228615292	0.83335430165021	1.59558300916486	0.263916163380594	0	0.51280518804836	0.431958883702547	0	0	0.194059552041753	0.119022319372687	0.547996624351191	0.501442025218383	0	0	0	0.247115435695226	0	0.91456213201537	0	0	0.143443827637312	0	0	0	0	0.329042624268856	0.125087983430907
Helotiales_fam_Incertae_sedis	0.437947871039168	0.101268743572619	0.222359523577442	0	0	0.329996321532094	0	0	0	0	0	0	0	0	0	0.186169389743582	0	0	0	0	0	0	0	0	0	0	0	0	0	0	0	0	0	0	0	0	0.476559016200901	0.224286589992853	0	0.533119127553274	0	0	0	0	0	0	0	0	0	0	0	0	0	0	0	0	0	0.131784450404935	0	0	0	0.586260749968037	0	0	0.441995696087864	0.330178688229303	0.226968119119495	0.465183568717015	1.08037791653073	1.52263191881656	0	0.836217020331468	2.04291194243017	0.234120783164173	0.244851053437196	1.73788969760437	7.14827875921443	7.42625524163914	4.05869273882812	1.71233722304694	0.54132735062211	0.708272022484282	6.16091753103522	0	1.17006509047458	0.745874140628201	0.573440063479698	2.22684703934184	0	0.0973861733914525	4.5687959365365	0.425115150948852	4.07335631829134	2.56963723484428
Hymenochaetales_fam_Incertae_sedis	0.394037207676996	0	0	0	0	0.493374201413032	0	0	0	0	0	0.266595583987364	0	0.309774241354035	0	0.474640675568092	0.34721464739682	0	0	0.345908956637123	1.94965883955201	0	0	0.264138343291629	0	0.155447509108863	0	0.0698328108888722	0	0	0	0.289414689912047	0.243069142896823	0.296715507015527	0.218804761462222	0.126785590977084	0.175981079531438	0.295585739353196	0.276798066364003	0.109586162157782	0	0	0	0	0	0	0	0	0	0	0	0	0	0	0.111246245212886	0	0	0	0	0.063075478702321	0.408091362420216	0	0.34027852368936	0	0	0.114377252717919	0.124315558676267	0.100324068526856	0	0	0	0.077308290877457	0.0617084119575067	0	0	0	0	0	0	0	0.0825516470518083	0.143581763900169	0.0934008554249918	0	0	0.18646853515705	0	0.143443827637312	0	0	0	0	0	0
Amorosiaceae	0.540614588880878	0	0.38513799238294	0	0.329301405053347	0.400179320512386	0	0	0	0.158690181356718	0	0.584081660324569	0	0.603861164759398	0	0.518273646832064	0.566999144895059	0	0	0	0	0	0	0.479831129158575	0	0.219835975618869	0	0.139665621777744	0	0	0	0.102323544905905	0.523381750095073	0	0.218804761462222	0.612432588279067	0.583663211007474	0.321335576647993	0.191008812490358	0.268430180156461	0	0	0	0	0	0	0	0	0	0	0	0	1.0026420125304	0.0962272723738761	0	1.29675527364024	0	0	0	0	0	0	0	0	0.0781345384897492	0	0.215320863798604	0	0	0.199501867221527	0	0.109330433442784	0.087268873102812	0.148070984476238	0.154857403270628	0.122734037232784	0.266141996957019	0	0	0	0	0	0	0.0915200026240616	0.0888301269073847	0.18646853515705	0.0657780864969882	0.248451997499977	0	0.0973861733914525	0.237906498281117	0.0578508445417186	0.329042624268856	0
Botryobasidiaceae	0.13515364722022	0	0	0	0	0.178965632771074	0	0	0	0	0	0.188511545271853	0	0.0979592163129471	0	0	0	0	0	0.0998553146147727	0	0	0	0.144674528922869	0	0.069518239460087	0	0	0	0	0	0	0.274218976069117	0	0	0.10352000154369	0.26881553927762	0	0.0854217378059901	0.0632696002212535	0	0	0	0	0	0	0	0	0	0	0	0	0	0	0	0	0.841837743879287	0	0	0	0	0	0	0	0	0	0	0	0	0	0	0	0	0	0	0	0	0	0	0	0	0	0	0	0	0	0	0	0	0	0	0	0	0
Buckleyzymaceae	0.234092983813661	0	0	0	0	0.366770405560801	0	0	0	0.419854755377614	0	0.1192251696594	0	0.0979592163129471	0	0	0	0	0.657018429674464	0	0	0	0	0.118126258212852	0	0.625664155140783	0	0	0	0	0	0	0	0	0.535960018873832	0	0.634508805762108	0.19928386481802	0.181206870190065	0.167395627735914	0	0	0	0	0	0.118732527660669	0	0	0	0	0	0	0	0	0	0.926647833598836	0	0	0	0	0	0	0.533113989983183	0	0	0.2470831055537	0	0	0	0.282138246343439	0	0	0	0	0	0	0	0.108519502232169	0	0	0.0825516470518083	0.0828969700384839	0.219044422133186	0	0	0	0.161122748174277	0.143443827637312	0	0	0	0	0.465336541839851	0.250175966861814
Mycosphaerellaceae	0.331057472565664	0	0.846719839746899	0.454493288888022	0	0	0	0	0	1.08212276343528	0.0540651130606839	0.0843049259542784	0	0.219043466698356	0	0.263283275874096	0.185594035746917	0.210491333987057	0.196614605278516	1.05676931823521	0	0	0	0.118126258212852	0.370539837489909	0.069518239460087	0	0	0	0	0	0	0.193902097508504	0.552045437417599	0.437609522924444	0.231477760482575	0.914424512757813	0.333465687252916	0.181206870190065	0.141475127003959	0.36847974867921	0	0	0	0	0	0.27348549437221	0	0	0	0.215371122315462	0	1.02868899974728	0	0	1.65439729552759	0	0	0	0	0.800333007811287	0.954363357126453	0	0	0.819481953157403	0.330178688229303	0.0717736212662014	0.740633560240879	1.35788941213435	1.22169444356305	0.221661934080964	1.09330433442784	3.96425520051014	0	0	0.93873487624798	1.2426294956523	0.637407751429773	1.66717627275308	0	0.308879979981754	1.82184834464181	2.42392765596252	0.0915200026240616	1.154791649796	0	0.263112345987953	7.99948558016858	1.51185789203691	0	0.487563234957691	0.379353356661272	4.46183497102953	3.38200526769707
Leucosporidiaceae	0.165528736282832	0	0.988187338048989	0	0.227733021518733	0.0800358641024772	0	0	0	2.68838216035984	0	0.168609851908557	0	0.13853525226921	0	0.131641637937048	0.0757684478139681	0	0	0.590752008027508	0.312195270527231	0	0	0.421795109279326	0	0.139036478920174	0	0.69130955780375	0	0	0	0	0	3.16377642078072	0.882030191731707	0	0.101602723639757	0.59563321354069	0.935748253952653	0.410033873125872	0	0	0	0	0	0	0	0	0	0	0	0	0	0	0	0	0	0	0	0	0.339552538218472	0	0.205195670417031	0	0.191389750587738	0.302613766334401	0.39312031401331	0.265432535836263	1.04859511787026	0.546358364708153	0.1357396584742	0.518599780878962	0.413952611761637	0.52350998610058	2.81738351668635	0.688843075530949	1.08434493508057	0.609064195704038	0.377771781447884	1.44337567297406	0.387201546331183	0.143581763900169	0.36173995758252	0.129428828939369	1.84523074684817	1.14946924923523	0.818930572635321	0	0	0.0973861733914525	1.16549905456212	0.208584186324063	0.658085248537712	0.216658742718665
Meruliaceae	0.213696679647389	0	0.351581276967315	0	0.0971056866512432	0	0	0	0	0.112210903345058	0	0.1192251696594	0	0.219043466698356	0	0.44641851400408	0	0	0	0.0998553146147727	0	0	0	0.212955140482568	0	0	0	0	0	0	0	0	0	0.246882224946871	0.244631160215077	0	0.304808170919271	0.13613679674936	0.135063626578322	0.0632696002212535	0	0	0	0	0	0	1.25326797943307	0	0	0	0.052235169765557	0	0	0	0	0.598148604554579	0	0	0	0	0.392081498688912	0.293130374984018	0.383885947974957	0	0.110498924021966	0.0660357376458606	0	0	0	0.199501867221527	0	0.077308290877457	0.0617084119575067	0	0.18966081045272	0	0	0	0	0	0	0	0.066044378239636	0	0	0	0.0930242620309913	0	0	0	0	0	0	0
Tricholomataceae	0.13515364722022	0	0	0	0	0.408104432845791	0	0	0	0	0	0.0843049259542784	0	0	1.36626010212795	0.335621640321162	0.151536895627936	0	0	0	0	0	0	0.10230034046633	0	0	0	0	0	0	0	0	0	0	0	0	0	0.102909745281072	0.20033173261836	0	0	0	0	0	0	0	0	0	0	0	0	0	0	0	0	0.463323916799418	0	0	0	0	0	0	0	0	0	0	0	0.100324068526856	0	0	2.58500014908894	0	0	0	0	0	0	0	0	0	1.66950374131513	0	0	0.50956180909636	0	0	0	0	0	0	0	0	0	0
Myrmecridiaceae	0.165528736282832	0	0.111179761788721	0	0	0	0	0	0	0	0	0.223049868372735	0.228694676873174	0.169670339723654	0	0.20814370539815	0.200464470141135	0	0.461102121604908	0	0	0	0	0.228750515404086	0	0.069518239460087	0	0	0	0	0	0.354459157175166	0.103645030779094	0	0.267980009436916	0	0	0.391868635221448	0.0604022900633549	0	0	0	0	0.115404676373017	0	0	1.22306431255279	0	0	0.119985233495299	0	0	0	0.565207248913004	0	0	0	0	0	0	0	0	0	0	0.191389750587738	0.27227232137946	0	0	0	0.359657105909011	0	0.814493384909711	0.0617084119575067	0.104701997220116	0	0	0	0.15346975183871	0	0	0.165103294103617	0.11723401930806	0	0.0915200026240616	0	0	0.0930242620309913	0	0	0	0.150465280944653	0.129358420951055	0	0.125087983430907
Hydnodontaceae	0.302212742591437	0	0	0	0	0	0	0	0	1.11648439134718	0	0	0	0	0	0	0	0	0	0.299565943844318	0	0	0	0	0	0	0.649341522784062	0	0	0	0	0	0	0	0	0	0.227190596757621	0	0	0.209841524569685	0	0	0	0	0	0	0	0	0	0	0	0	0	0	0	0	0	0	0	0	0.86198502953069	0	0	0	0	0	0	0	0	0	0	0	0	0	0	0	0	0	0	0	0	0	0	0	0	0	0	0	0	0	0	0	0	0
Hypocreales_fam_Incertae_sedis	0.213696679647389	3.22473773239372	1.04886777498134	1.01453917475681	0.13732817904574	0.459771035306484	0.903364087388695	0.648608144118964	1.13091857290663	0.274859456772154	0.20939328249485	0.146020415081142	8.62394254023289	0.819585605196476	1.95505043981536	0.131641637937048	0	0.729163370037065	1.42912356905658	0.631540461310761	8.64617460398823	3.67459534263324	1.6659021990781	0.0835278782185005	1.45095250022002	0.170284214493828	1.81738307376943	0.320014141889793	4.37612676197722	6.77536767265341	7.10340334164319	3.0901032914783	0.445794133537204	0.217729656777243	0.513142650743406	0.400931241978079	0.476559016200901	0.0891224537103944	0.0854217378059901	0.228121787775837	0.817050701507916	6.75169702133814	6.41949150251843	3.89223550629524	3.62592869549544	0.666384658757827	3.31583539970032	0.4091535806941	1.69057295761011	2.28263219667415	5.23916409191312	2.95136675589682	5.89143401125691	2.38635875097133	3.61678635216149	0	3.41683307000401	0	2.92805532834037	3.40665983207278	0	0	0	0	0.629940788348712	0.147660398320486	0	0.274748776964265	0.275903627140294	0.0997509336107633	0.771848371037813	0.318750249023729	0.123416823915013	0.554030892832406	0	0	0	0.276671529743602	0.184333754536444	0	0.553773283387241	0.310172060285671	0.0934008554249918	0.354455446007849	0	0.18646853515705	0.0930242620309913	0.143443827637312	0	0	0.184281581159458	0.231403378166874	0.450560169231873	0
Erysiphaceae	0.165528736282832	0	0	0	0	0.178965632771074	0	0	0	0.354842032875391	0	0	0	0	0	0.263283275874096	0	0	0.424736091443292	0	0	0	0	0.445916845982536	0	0	0	0.498706020926848	0	0	0	0	0	0.0822940749822905	0	0	0.304808170919271	0	0.217783553978875	0	0	0.61957821080879	0	0	0	0	0	0	0	0	0	0	0	0	0	1.16600628724559	0	0	0	0	0	0	0.355409326655455	0	0.110498924021966	0.27227232137946	0.0717736212662014	0.187689146037363	0.477879100199528	2.36474941611052	0	0.278739006777156	0.195139132577691	0	0	0.194059552041753	0	0.15346975183871	0	0	0	0	0.428016489958652	0.0915200026240616	0	0	0.197334259490965	0.143443827637312	0	0	0.398093714329016	0.100200602007025	0.201496633271255	0.484463676638572
Periconiaceae	0.165528736282832	0	0	0.178266934525922	0	0.0800358641024772	0	0.135985216490851	0.244851053437196	0.388709971513682	0.14304284376316	0	0.228694676873174	0	2.19089023002066	0	0.566999144895059	0.148839849643251	0	0.360033456971152	0	1.45333901333064	0	0.772350633192617	0	0.208554718380261	0.631046530446577	0	0.127205462828696	0	0	0.102323544905905	0.366440520500928	0.0822940749822905	0.109402380731111	0.10352000154369	0.101602723639757	0.102909745281072	2.80659486145294	0	0.150431227468841	1.85873463242637	3.93216114148815	0.610664147633788	2.20948608245154	0	1.12760958037088	0	0.300666251362057	0	0.387386386988509	0	0	0.272171827322611	7.74447536265661	0	0.926222892960967	0	0	0.063075478702321	0.5061750382594	0	0.145095250022002	0	0.110498924021966	0.114377252717919	0	0.141879658343127	4.44881231139102	0	0.367584732825524	0.345733187252641	0.123416823915013	0	0	0.287836831251702	0	0.0767348759193551	0	0	0.142983646942226	0	0.0934008554249918	0.129428828939369	0	0	0	0	0	0	0.150465280944653	0	0	0
Diatrypaceae	0.286704181354535	0	0.762210045378339	0	0.34332044761435	0.366770405560801	0	0	0	0.419854755377614	0	0.292040830162285	0	0.339340679447309	0	0.30872700661445	0.151536895627936	0	0	0.564866960812975	0	0	0	0.378188553519981	0	0.294940911230267	0	0.270461313591454	0	0	0	0	0	0.272938569185631	0.409346225993216	0.17930190227328	0.28737589949078	0.19928386481802	0.147954789950802	0.154978236771953	0	0	0	0	0	0	0	0	0	0	0	0	0	0	0.0642280496199949	0	0	0	0	0	0.196040749344456	0	0	0	0	0	0	0	0	0	0	0	0	0	0	0	0	0	0	0	0	0	0	0	0	0	0	0	0	0	0	0	0	0
Bolbitiaceae	0.0955680604515117	0	0	0	0	0	0	0	0.799680191872089	0.112210903345058	0.108130226121368	0.0843049259542784	0	0.518351449981679	0	0.0930846948717908	0	0	0	0.0998553146147727	0	0	0	0.212955140482568	0	0.12040912279761	0	0	0	0	0.116969065188078	0.102323544905905	0.0732881041001855	0.217729656777243	0	0.0731996950799853	0.351962159062877	0	0.24160916025342	0.0632696002212535	0	0	0.147779665173332	0	0.0803582319030607	0	1.19209563249272	0	0	0	0	0	0	0	0	0	0	0.131784450404935	0	0	0.2530875191297	0	0	0	0	0	0	0	0	0	0	0	0	0	0	0	0	0	0	0	0	0	0	0	0	0	0	0	0	0	0	0	0	0
Stereaceae	0.191136120903023	0	0.588308001032716	0	0	0	0	0	0	0	0	0.1192251696594	0	0	0	0.228010005298554	0.131234801224424	0	0	0.141216740203244	0	0	0	0.195890238190333	0	0	0	0	0	0	0	0	0.433578271008808	0	0.267980009436916	0.0731996950799853	0.175981079531438	0.0891224537103944	0.0854217378059901	0	0	0	1.49250145820756	0	0.179686469086936	0	0	0	0	0	0	0	0	0	0	0	0	0	0	0	0.4383604418942	0	0	0	0	0	0	0	0	0.0997509336107633	0	0	0	0	0	0	0	0.0767348759193551	0	0	0	0	0	0	0	0	0	0	0	0	0	0	0.284959271544727	0
Exidiaceae	0.0955680604515117	0	0.111179761788721	0	0.18166810487819	0	0	0	0	0.624763868765579	0	0.0843049259542784	0	0	0	0	0	0	0	0.360033456971152	0	0.160169228104546	0	0	0	0.170284214493828	0	0.156150912207406	0	0	0	0.102323544905905	0	0	0.476873921789674	0.193668189227399	0	0.0514548726405362	0	0.0632696002212535	0	0	0	0	0	0	0	0	0	0	0	0	0	0	0	0	0	0	0	0	0.196040749344456	0	0	0	0	0	0	0	4.95944817441469	0.199501867221527	0	0.077308290877457	0	0.181349178839176	0	0.0867860700097035	0	0.0767348759193551	0	0	0	0	0.066044378239636	0	0	0	0	0	0.251976315339485	0	0	0	0	0
Piskurozymaceae	0.165528736282832	0	0.415996576956536	0	0.118929691709069	0	0	0	0	0	0	0.146020415081142	0	0.293877648938841	0	0	0.34721464739682	0	0	0.373624375537	0	0	0	0.368849123048775	0	0.170284214493828	0	0	0.0899478453701443	0	0	0.716264814341336	0.34375167847909	0.232762793885807	0.154718330585842	0.0731996950799853	0.431063849236169	0.257274363202681	0.191008812490358	0.126539200442507	0	0	0	0	0	0	0	0	0	0	0	0	0.975900072948533	0	0.222492490425772	0	0	0	0	0.063075478702321	0.565920897030788	0.879391124952055	0.229415733870562	0	0.110498924021966	0	0	0.100324068526856	0	0	0	0.278739006777156	0.137984203920546	0	0	0.0867860700097035	0	0.108519502232169	0	0	0	0.262143236448345	0.066044378239636	0	0.737878451914923	0	0	0	0	0	0	0	0.329042624268856	0
Cyphellophoraceae	0.0955680604515117	0	0.111179761788721	0	0	0	0	0	0	0.112210903345058	0	0	0	0	0	0	0	0	0.139027520672755	0	0	0	0	0	0	0	0	0.120953976494876	0	0.200845329318348	0	0	0	0	0	0	0	0	0	0.126539200442507	0	0	0	0	0	0	0.54697098874442	0	0.166779628628837	0	0	0	0	0	0	0	0	0	0	0	0	0	0	0	0	0.147660398320486	0.0717736212662014	0.100324068526856	0	0.345547370232544	0	0.218660866885568	0	0.563837510666463	0	0	0	0	0	0	0.420932459196395	0.51101124290893	0	0.571542233200681	0	0.263706331374945	0.218161232338053	0.202860206483395	0	0	0.927530284815877	0.0578508445417186	0.604489899813767	0.599900894125562
Torulaceae	0.0955680604515117	0	0.294154000516358	0	0	0	0	0	0	0.112210903345058	0	0	0	0	0	0	0.62480262685218	0	0	0.386737970533317	0	0	0	0.186774013712891	0	0.834218873521044	0	0.0698328108888722	0	0	0.202596363819587	0.289414689912047	0.103645030779094	0.272938569185631	0	0.0731996950799853	0.101602723639757	0.13613679674936	1.03920029199847	0.0632696002212535	1.20344981975073	0	0	0	0	0	1.16030068576047	0	0	0.218217890235992	0	0	0	0.166670524825322	0	0	0	0	0	0.154502738102474	0.4383604418942	0	0	0	0.312538153958997	0.323507724041313	0.124315558676267	0.255777191550729	0	0.263916163380594	0	0.318750249023729	0.349075492411248	0.256466468239587	0.109500719969601	0	0	0	0	0	0	0	0	0.42926686264698	0.332371900511083	0	0	0	0	0.13772484719781	0	0	0	0
Physciaceae	0.13515364722022	0	0	0	0.13732817904574	0	0	0	0	0	0	0	0	4.34568105863199	0	0.0930846948717908	0.262469602448848	0	0	0	0	0	0	0.531568161957832	0	0	0	0	0	0	0	0	0	0.20157849256095	0	0	0.454381193515243	0	0	0	0	0	0	0	0	0	0	0	0	0	0	0	0	0	0	0.422954934437814	0	0	0	0	0	0	0	0	0	0	0.143547242532403	0	0	0	0	0.077308290877457	0	0	0	0.0867860700097035	0.238044638745374	0	0.273411142302767	0.277777777777778	0.0825516470518083	0.0828969700384839	0	0.0915200026240616	0	0	0.0657780864969882	0	0	0	0	0	0.329042624268856	0
Schizoporaceae	0.0955680604515117	0	0.222359523577442	0	0	0	0.437028978498254	0	0	0.354842032875391	0	0.188511545271853	0	0	0	0.131641637937048	0.239600869867745	0	0	0.411714009435991	0	0	0	0.295315645532129	0	0.170284214493828	0	0.0987585082576786	0	0	0	0	0	0	0.345960704555228	0.163679494131104	0.101602723639757	0	0.181206870190065	0.109586162157782	0	0	0	0	0	0	0	0	0	0	0	0	0	0	0	0.463323916799418	0.696343088126785	0	0	0	0.375389455294495	0	0.34027852368936	0	0	0	0	0.0709398291715637	0.656782002132594	0	0	0	0	0	0	0	0	0	0	0	0	0	0.066044378239636	0	0	0	0	0	0	0	0	0	0	0
Cystobasidiaceae	0	0.464071682954601	0	0.74455942911879	0	0	0.671893696220407	0.0679926082454255	0.774287016353139	0	0	0	1.3910954113628	0	1.3984117975602	0	0	0.446519548929752	1.97595232834487	0	0.883021571376696	0.244662537263909	0	0.118126258212852	0.605089020816052	0	0.905463492803651	0	1.6731266392025	1.04362294452684	0.758046181219097	1.20202948475122	0	0.349144190828711	0	0	0	0	0	0.0632696002212535	0.781663587062953	1.02745422676624	0	0.795371842672429	0.501836997389448	0.384737362117669	2.74849520262147	0	0	0	0.376673165944564	0	2.43432247780074	0.969462906342676	0.090832178857369	0	1.77007323829538	0	0.671741961964814	0.109249933824149	0	0	0	0	0	0	0	0	0	0	0	0	0	0	0	0	0	0	0	0	0	0	0	0	0	0	0.0657780864969882	0	0	0	0	0	0.260131034992145	0
Ustilaginaceae	0	0.248056748645671	0	0.275529923525819	0	0	0.0760769801616892	0.445857348676327	0.67796186778068	0.250911207696209	0.179313694270432	0	0.323423113676575	0	3.81808561687369	0	0	0	0.841853444388327	0	2.04720129406015	0.679540483980835	0	0	1.02597835208515	0	0.879212578137086	0	0.254410925657392	0.491968574051202	1.0396437922033	0.758851718925438	0	0	0	0.0731996950799853	0	0	0	0	0.51013711223013	2.12380710561976	0	0.0816034292439991	0.482149391418364	0.205650770419356	1.97213194610924	0.770195971292131	0	0.105234011235478	0.138201268890904	0.250609190620573	1.6587111717604	0.280548298092124	0.090832178857369	0	1.206101608135	0	1.09251789095967	0	0	0	0	1.16523527747273	0	0	0	0	0	0	0	0	0	0	0	0	0	0	0	0	0	0	0	0	0	0	0	0	0	0	0	0	0	0
Dermateaceae	0	0	0.875430319755148	0	0	0	0	0.135985216490851	0	0	0	0	0	0.13853525226921	0	0	0	0	0	0	0	0	0	0	0	0	0	0	0	0	0	0	0.327754365420192	0.493764449893743	0	0	0.26881553927762	0	0	0.0632696002212535	0	0	0	0	0	0	0	0	0	0	0	0	0	0	0	0.32761948345478	0	0	0	0	0.5061750382594	0	0	0	0.877058019307029	0	0.344214195410757	0.980407944843428	0.817428359488494	0.330836419274553	1.25635590828554	1.81633357475801	3.55292579044962	1.33263886028614	0.154857403270628	1.55247641633402	0.291543950465661	1.53661469279904	2.26363051438933	1.00154202096222	1.49507391568342	0	2.63764412607366	0.204644947168361	0.975110439534435	0	0.218161232338053	0	0	0.13772484719781	0.810280335638749	0	0.82260656067214	0.125087983430907
Hyaloscyphaceae	0	0	0.868341698477739	0	0	0	0	0	0	0	0	0	0	0	0	0	0	0	0	0	0	0	0	0	0	0	0	0	0.0899478453701443	0	0	0	0	0	0	0	0	0	0	0	0	0.309789105404395	0	0	0	0	0	0	0	0	0	0	0	0	0	0	0	0	0	0	0	0	0	0	0.0781345384897492	0	0.569685457694718	0.141879658343127	0.42144975196109	0	0.414691506510318	0.463849745264742	0.151154122133351	0	0.109500719969601	0.150317882646036	0	0.15346975183871	0	0	0.116745658856904	0.11723401930806	0.132088756479272	0	0	0.263706331374945	0	0	1.12687233963802	0.424496488311471	0	0	0.367880837680042	0
Chionosphaeraceae	0	0	0.77027598476588	0	0	0.630203024146245	0	0	0	0	0	0	0	4.01154652443476	0	0.186169389743582	0.408025578658988	0.148839849643251	0	0.0998553146147727	0	0	0	0.132069171645814	0	0.74873435318882	0	0.441661475641287	0	1.10007517437213	0	0	0	0	0.700517035692233	0	0.227190596757621	0.21830453621528	0.325276286719509	0.0632696002212535	0	0	0	0	0	0	0	0	0	0	0.0738716855153118	0	0	0	0	0	0	0	0	0	0.2530875191297	1.83059860504497	0	0	0.156269076979498	0.147660398320486	0.124315558676267	0.100324068526856	0	0	0	0.278739006777156	0.106882104764792	0	0	0.173572140019407	0	0.108519502232169	0.164873122276499	0	0.0825516470518083	0	0.264177512958544	0	0.32638272706465	0	0	0.143443827637312	0	0	0	0	0	0.125087983430907
Bionectriaceae	0	0	0.415996576956536	0	0	0	0	0	0.706824108066642	0	0.120893268014901	0	0	0.169670339723654	0	0	0	0	0.289408862774549	0	0	0	0.885817922847919	0	0	0	0	0	0	0	0	0	0.302174594306328	0	0	0	0	0	0	0	0.438578625426673	0	0	0.141341285522458	0	0	0	0	0	0	0	0	0.230021853114118	0	0	0	0	0	0	0.41361357398139	0	0	0	0	0	0	0	0.0709398291715637	0.0919678757134313	0	0.1357396584742	0.189365865536429	0.0617084119575067	0	0	0	0	0	0	0	0.0825516470518083	0	0	0	0.0628123851098733	0	0	0	0	0	0	0	0	0
Sporormiaceae	0	0	0.430597365843025	0	0.350119532360196	0.178965632771074	0	0	0	0	0	0.188511545271853	0	0.0979592163129471	0	0	0	0	0	0.331182611900093	0	0	0	0.144674528922869	0	0.0983136370767556	0	0.0987585082576786	0	0	0	0.270722653087575	0	1.06028498669635	0.409346225993216	0	0.14368794974539	0	0	0.0894767267188205	0	0	0	0	0	0	0	0	0	0	0	0	0	0	0.0642280496199949	0.353869486669459	0	0	0.170622628961777	0	0	0	0	0	0.0781345384897492	0	0	0.0709398291715637	0	0	0	0.109330433442784	0	0	0	0.122734037232784	0.119022319372687	0	0	0	0	0	1.17030936409006	0	0.36082968124214	0	0	0	0	0	0	0	0	0
Trimorphomycetaceae	0	0	0.111179761788721	0	0	0	0	0	0	0	0	0	0	0	0	0	0	0	0	0	0	0	0	0	0	0	0	0	0	0	0.143257262700567	0	0	0	0	0	0.175981079531438	0	0.0604022900633549	0	0	0	0	0	0	0	0	0	0	0	0	0	0	0	0	0.189151196964384	0	0	0	0	0.320133203124515	1.29774349086024	0	0	0	0	0	0	0	0	0	0	0	0	0	0	0	0	0	0	0	0	0	0	0	0	0	0	0	0	0	0	0	0
Lasiosphaeriaceae	0	0	0.222359523577442	0	0.948956597158637	0	0	0	0	0.112210903345058	0	0.168609851908557	0	0	0	0	0.355385521723995	0	0	0	0	0	0	0	0	0	0	0	0	0.568076377322596	0.0827096191835411	0	0.103645030779094	0	0	0.522750383404875	0	0	0	0.551571587125325	0	0	0	0	0	0	0	0	0	0	0.660728441698895	0	0	0.117853858327906	0	0	0	0	0.208969189764286	0.267606592301993	0	0	0	0	0.220997848043932	0.427960492510913	0	0.200648137053712	0.752789506394156	0.0997509336107633	0	1.045807174591	0.282783468810792	0	0	0.150317882646036	0.238044638745374	0.861346845920511	0.184333754536444	0	0	1.04857294579338	0.447934766751549	0.129428828939369	0.628123851098733	0.263706331374945	0.197334259490965	0	0	0.13772484719781	0.260613511371263	0.115701689083437	0	0.375263950292721
Halosphaeriaceae	0	0	0	0.0420179194215392	0	0	0.416690781414302	0	0	0	0	0	0.605069241170693	0	0	0	0	0	0	0	0.441510785688348	0	0.37771403142363	0.0590631291064258	1.92538147428251	0	0.15305126468887	0.279331243555489	0.951918519261978	0.942048097921705	0	0.144707344956023	0	0	0	0	0	0.421176284394557	0	0	0.803082993616971	3.33653077611486	0	0.215902379909677	0.617243291288434	0.251869726368836	0	0.120652808610637	0	0.215665546406877	0.266348149930407	0.120388761061979	0	0.319149757063479	0.181664357714738	0	0	0	0	0.367790082057573	0.480199804686772	0	0	0	0	0	0	0.0709398291715637	0	0	0	0.077308290877457	0	0	0	0	0	0	0	0	0	0	0.066044378239636	0	0.235022424727247	0	0	0	0	0	0	0	0	0
Bulleraceae	0	0	0	0	0	0	0	0	0	0	0	0	0	0	0	1.66254581103212	0	0	0	0.141216740203244	0	0	0	0.132069171645814	0	0.069518239460087	0	0	0	0	0	0	0	0	0	0	0	0.0891224537103944	0.0604022900633549	0.126539200442507	0	0	0	0	0	0	0	0.0603264043053186	0	0	0	0	0	0	0	0	0	0	0	0	0	0	0	0	0	0	0.0717736212662014	0	0	0	0	0	0	0	0.109500719969601	0	0.119022319372687	0	0	0	0	0	0.066044378239636	0	0	0.18646853515705	0	0	0	0.0973861733914525	0	0	0	0
Hypocreaceae	0	0	0	0	0	0	0	0	0	0	0.0540651130606839	0	0	0	0	0	0	0	0	0	0	0.795489250029783	0	0	0	0	0	0	0	0	0	0	0	0	0	0	0	0	0	0	0.744596587318037	0	0	0.115404676373017	0	0	0.669899913264714	0	0	0	0	0	0	0	0	0	0	0	0	0	0	0	0	0	0	0	0	0	0	0	0	0	0	0	0	0	0	0	0	0	0	0	0	0	0	0	0	0	0	0	0	0	0	0
Phomatosporaceae	0	0	0	0	0.153537571786269	0	0	0	0	0	0	0.367476652677379	0	0	0	0	0.0757684478139681	0	0	0	0	0	0	0	0.302544510408026	0.12040912279761	0	0	0	0.449103809319157	0	0.382859647638075	0	0	0	0	0.14368794974539	0	0	0.0894767267188205	0	0	0	0	0	0	0	0	0	0	0	0	0	0	0	0	0	0	0	0	0	0	0	0	0.349428278907306	0	0	0.347532767821073	0	0	0.175239145563487	0.990029182143907	0.516289615857432	0.418807988880464	0	0	0	0	0	0	0.783153687846115	0.0828969700384839	0	0.0915200026240616	0	0	0	0.248451997499977	0	0	0	0	0.116334135459963	0
Sporocadaceae	0	0	0	0	0.0971056866512432	0	0	0	0	0	0	0	0	0	0	0	0.200464470141135	0	0	0	0	0	0	0.0835278782185005	0	0	0	0	0	0	0	0	0	0	0	0	0	0	0	0	0	0	0	0	0	0	0	0	0	0	0	0	0	0	0	0	0	0	0	0	0	0	0	0	0	0	0	0	0	0.638717620709633	0	0	0	0	0	0	0	0	0	0	0	0	0	0	0	0	0	0	0	0	0.150465280944653	0	0	4.91040044657943
Rhizophydiaceae	0	0	0	0	0	0.178965632771074	0	0	0	0	0	0.146020415081142	0	0	0	0.263283275874096	0.0757684478139681	0	0	0.0998553146147727	0	0	0	0.421795109279326	0	0	0	0	0	0	0	0	0	0	0.423713598607036	0	0.454381193515243	0	0.249045021960408	0	0	0	0	0	0	0	0	0	0	0	0	0	0	0	0	0.627343548977472	0	0	0	0	0.4383604418942	0.262183777893708	0.656946685331786	0	0.110498924021966	0	0	0.0709398291715637	0	0	0	0.172866593626321	0.123416823915013	0	0	0.229614358510316	0	0	0	0	0	0	0.147679719275534	0	0.0888301269073847	0	0	0	1.90237946242268	0	0	0	0	0
Cantharellales_fam_Incertae_sedis	0	0	0	0	0	0	0	0.288468206165404	0	0.372161463782393	0	0	0	0.195918432625894	0	0.279254084615373	0.393704403673271	0	0	0	0	0	0	0.243523519885286	0	0.230565916375188	0	0	0	0	0	0	0.319455439536398	0.20157849256095	0.409346225993216	0	0.203205447279514	0	0	0	0	0	0	0	0	0	0	0	0	0	0	0	0	0	0	0	0	0	0	0	0	0	0	0	0	0	0	0.0709398291715637	0	0	0	0.077308290877457	0	0	0	0	0	0	0	0	0	0	0	0.0915200026240616	0	0	0	0	0	0	0	0	0	0
Lachnocladiaceae	0	0	0	0	0	0	0	0	0	0	0	0	0	0	0	0	0	0	0	0	0	0	0	0	0	0	0	0	0	0	0	0	0	0	0	0	0	0	0	0	0	0	0	0	0	0	0	0	0	0	0	0	1.47285850281423	0	0	0	0	0	0	0	0	0	0	0	0	0	0	0	0	0	0	0	0	0	0	0	0	0	0	0	0	0	0	0	0	0	0	0	0	0	0	0	0	0
Cladosporiaceae	0	0	0	0	0	0	0	0	0	0.224421806690116	0	0.630880297876512	0	0	0	0	0	0	0	0	0	0	0	0.156266351268903	0.47836487323494	0	0	0	0	0	0	0	0	0	0	0	0	0	0	0	0	0	0	0	0	0	0	0	0	0	0	0	0	0	0	0	0	0	1.25381513858572	0	0	0	0	0	0	0	0	0	0	0	0	0	0	0	0	0	0.168322978281956	0	0	0	0	0.11723401930806	0	0	0	0.456752764218999	0	0	1.35693398559762	0	0	0	0	0
Serendipitaceae	0	0	0	0	0	0	0	0	0	0.501822415392417	0	0	0	0	0	0	0	0	0	0	0	0	0	0	0	0	0	0	0	0	0	0	0	0	0	0	0	0	0	0	0	0	0	0	0	0	0	0	0	0	0	0	0	0	0	0	0	0	0	0	0	0	0.229415733870562	0	0	0	0	0	0	0	0	0	0	0	0	0	0	0	0	0	0	0	0	0	0	0	0	0	1.18187368057056	0	0	0	0	0
Sebacinaceae	0	0	0	0	0	0	0	0	0	0.952141088140306	0	0	0	0	0	0	0	0	0	0	0	0	0	0.0590631291064258	0	0	0	0	0	0	0	0	0	0	0	0	0.101602723639757	0	0	0.0632696002212535	0	0	0	0	0	0.0839565754562786	0	0	0	0	0	0	0	0	0	0	0	0	0	0	0	0	0.145095250022002	0	0	0	0	0	0	0	0	0	0	0	0	0	0.119022319372687	0	0.820233426908302	0	0	0	0.066044378239636	0	0	0	0	0	0	0.515319191859998	0	0	0	0
Basidiobolaceae	0	0	0	0	0	0	0	0	0	0	0	0	0	2.6665787018086	0	0	0	0	0	0	0	0	0	0	0	0	0	0	0	0	0	0	0	0	0	0	0	0	0	0	0	0	0	0	0	0	0	0	0	0	0	0	0	0	0	0	0	0	0	0	0	0	0	0	0	0	0	0	0	0	0	0	0	0	0	0	0	0	0	0	0	0	0	0	0	0	0	0	0	0	0	0	0	0
Pilocarpaceae	0	0	0	0	0	0	0	0	0	0	0	0	0	1.12972079385396	0	0	0	0	0	0	0	0	0	0	0	0	0	0	0	0	0	0	0	0	0	0	0	0	0	0	0	0	0	0	0	0	0	0	0	0	0	0	0	0	0	0	0	0	0	0	0	0	0	0	0.0781345384897492	0	0	0	0	0	0	0	0	0	0	0	0	0	0	0	0	0	0	0	0	0.18646853515705	0	0	0	0.13772484719781	0	0	0	0
Pseudeurotiaceae	0	0	0	0	0	0	0	0	0	0	0	0	0	0.13853525226921	0	0	0	0	0	0	0	0	0	0	0	0	0	0	0	0	0	0	0	0	0	0	0	0	0	0	0	0	0	0	0	0	0	0	0	0	0	0	0	0	0	0.133750094043068	0	0	0	0	0	0	0	1.16523527747273	0	0	0	0	0	0	0	0	0	0	0	0	0	0	0	0	0	0	0	0	0	0	0	0	0	0	0	0	0	0
Schizoparmaceae	0	0	0	0	0	0	0	0	0	0	0	0	0	0	1.52023390013218	0	0	0	0	0	0	0	0	0	0	0	0	0	0	0	0	0	0	0	0	0	0	0	0	0	0	0	0	0	0	0	0	0	0	0	0	0	0	0	0	0	0	0	0	0	0	0	0	0	0	0	0	0	0	0	0	0	0	0	0	0	0	0	0	0	0	0	0	0	0	0	0	0	0	0	0	0	0	0
Halomycetaceae	0	0	0	0	0	0	0	0	0	0	0	0	0	0	0	0	0	0	0	0	0	0	0	1.08746753584948	0	0	0	0	0	0	0	0	0	0	0	0.0731996950799853	0	0	0	0	0	0	0	0	0	0	0	0	0	0	0	0	0	0	0	0	0	0	0	0	0	0	0	0	0	0	0	0	0	0	0	0	0	0	0	0	0	0	0	0	0	0	0	0	0	0	0	0	0	0	0	0	0	0
Verrucariaceae	0	0	0	0	0	0	0	0	0	0	0	0	0	0	0	0	0	0	0	0	0	0	0	0	0	0	0	0	0	0	0	0	0	0	0	0	0	0	0	0	0	0	0	0	0	0	0	0	0	0	0	0	0	0	0	0	0	0	0	0	0	0	0	0	0	0	0.827733779898663	0	0	0.646459935155454	0	0	0	0	0.109500719969601	0	0.460971460757398	0	0	1.64335549530545	0	0.51101124290893	0	0	0	0.894271679012128	0	0.143443827637312	0	0.168677800268708	0	0	0.402993266542511	0.216658742718665
Pezizaceae	0	0	0	0	0	0	0	0	0	0	0	0	0	0	0	0	0	0	0	0	0	0	0	0	0	0	0	0	0	0	0	0	0	0.977187998076066	0	0	0	0	0	0	0	0	0	0	0	0	0.27348549437221	0	0	0	0	0	0	0	0	0	0	0	0	0	0	0	0	0	0	0	0	0	0	0	0	0	0	0	0	0	0	0	0	0	0	0	0	0	0	0	0	0	0	0	0	0	0	0
Bartaliniaceae	0	0	0	0	0	0	0	0	0	0	0	0	0	0	0	0	0	0	0	0	0	0	0	0	0	0	0	0	0	0	0	0	0	0	0	0	0	0	0	0	0	0	0	0	0	0	0	0	0	0	0	0	0	0	0	0	0	0	0	0	0	0	0	0	0	0	0	0	0	0	0	0	0	0	0.438002879878403	0	0	0	0	0	0	0	0	0	0	0	0	0	0	0	0	0	0.307791191414762	0.857560009062986
Teichosporaceae	0	0	0	0	0	0	0	0	0	0	0	0	0	0	0	0	0	0	0	0	0	0	0	0	0	0	0	0	0	0	0	0	0	0	0	0	0	0	0	0	0	0	0	0	0	0	0	0	0	0	0	0	0	0	0	0	0	0	0	0	0	0	0	0	0	0	0.238046171585063	0	0	0	0	0	0.0617084119575067	2.2480472170947	0	0	0	0	0	0	2.20429901993332	0	0	0.702978479000734	0	0	0	0	0	0	0	0	0	0
Melanommataceae	0	0	0	0	0	0	0	0	0	0	0	0	0	0	0	0	0	0	0	0	0	0	0	0	0	0	0	0	0	0	0	0	0	0	0	0	0	0	0	0	0	0	0	0	0	0	0	0	0	0	0	0	0	0	0	0	0	0	0	0	0	0	0	0	0.0781345384897492	0	0	0	0	1.28132394216924	0	0	0	0	0.26822089039291	0	3.71456435987099	0	0	0	0	0	0	0	0	0	0	0.143443827637312	0.712696645099798	0	0.106395020489103	3.56616556176552	0.329042624268856	0.176901122657889
Apiosporaceae	0	0	0	0	0	0	0	0	0	0	0	0	0	0	0	0	0	0	0	0	0	0	0	0	0	0	0	0	0	0	0	0	0	0	0	0	0	0	0	0	0	0	0	0	0	0	0	0	0	0	0	0	0	0	0	0	0	0	0	0	0	0	0	0	0.135332990490192	0	0	0.158626280339839	1.45413979410863	0	0	0.430434346898802	0.302308244266703	0	0	0.274441650405494	0	1.39606870581672	1.20312200063833	0	0	0	3.52766017160277	0	1.75537860868025	0	0	0	0	0	0	0	0	0
Ascobolaceae	0	0	0	0	0	0	0	0	0	0	0	0	0	0	0	0	0	0	0	0	0	0	0	0	0	0	0	0	0	0	0	0	0	0	0	0	0	0	0	0	0	0	0	0	0	0	0	0	0	0	0	0	0	0	0	0	0	0	0	0	0	0	0	0	0	0	0	0	0	0	0	0	0	0	0	0	0	0.531634815219267	0	0	0	0	0	0	0.979148181193951	0	0	0	0	0	0	0	0	0
Auriculariaceae	0	0	0	0	0	0	0	0	0	0	0	0	0	0	0	0	0	0	0	0	0	0	0	0	0	0	0	0	0	0	0	0	0	0	0	0	0	0	0	0	0	0	0	0	0	0	0	0	0	0	0	0	0	0	0	0	0	0	0	0	0	0	0	0	0	0	0	0	0	0	0	0	0	0	0	0	0	0	1.77765035221206	0	0	0	0	0	0	0	0	0	0	0	0	0	0	0
