Sample	OTU	Genotype	GenoOTU	abundance	sqrt_abundance
R209L1S10	Zotu6	HIF:Est-1	HIF:Est-1_Zotu6	0.0020942408	0.04576287578
R209L1S10	Zotu7	HIF:Est-1	HIF:Est-1_Zotu7	0.0473108044	0.2175104696
R209L1S10	Zotu5	HIF:Est-1	HIF:Est-1_Zotu5	0.0001903855	0.01379802522
R209L1S10	Zotu4	HIF:Est-1	HIF:Est-1_Zotu4	0.1727748691	0.4156619649
R209L1S10	Zotu3	HIF:Est-1	HIF:Est-1_Zotu3	0.0079961923	0.08942143088
R209L1S10	Zotu1	HIF:Est-1	HIF:Est-1_Zotu1	0.2423607806	0.4923015139
R209L1S12	Zotu6	HIF:Est-1	HIF:Est-1_Zotu6	0.2051815703	0.4529697234
R209L1S12	Zotu7	HIF:Est-1	HIF:Est-1_Zotu7	0.0539687096	0.2323116648
R209L1S12	Zotu5	HIF:Est-1	HIF:Est-1_Zotu5	0.0409789005	0.2024324591
R209L1S12	Zotu4	HIF:Est-1	HIF:Est-1_Zotu4	0.072556337	0.2693628352
R209L1S12	Zotu3	HIF:Est-1	HIF:Est-1_Zotu3	0.0414095019	0.2034932478
R209L1S12	Zotu1	HIF:Est-1	HIF:Est-1_Zotu1	1.790081814	1.337939391
R209L1S15	Zotu6	HIF:Est-1	HIF:Est-1_Zotu6	0.0052356021	0.07235746057
R209L1S15	Zotu7	HIF:Est-1	HIF:Est-1_Zotu7	0.036246476	0.1903850729
R209L1S15	Zotu5	HIF:Est-1	HIF:Est-1_Zotu5	1.315344342	1.146884624
R209L1S15	Zotu4	HIF:Est-1	HIF:Est-1_Zotu4	0.0571888844	0.2391419754
R209L1S15	Zotu3	HIF:Est-1	HIF:Est-1_Zotu3	0.3475634313	0.5895451054
R209L1S15	Zotu1	HIF:Est-1	HIF:Est-1_Zotu1	4.883608538	2.209888807
R209L1S16	Zotu6	HIF:Est-1	HIF:Est-1_Zotu6	0.0007441307	0.02727875914
R209L1S16	Zotu7	HIF:Est-1	HIF:Est-1_Zotu7	0.0038322729	0.06190535437
R209L1S16	Zotu5	HIF:Est-1	HIF:Est-1_Zotu5	0.0175614838	0.1325197487
R209L1S16	Zotu4	HIF:Est-1	HIF:Est-1_Zotu4	0.0346020761	0.1860163329
R209L1S16	Zotu3	HIF:Est-1	HIF:Est-1_Zotu3	0.0975927373	0.3123983632
R209L1S16	Zotu1	HIF:Est-1	HIF:Est-1_Zotu1	0.9507757562	0.9750773078
R209L1S16	Zotu6	HIF:Col-0	HIF:Col-0_Zotu6	0.0304835319	0.1745953376
R209L1S16	Zotu7	HIF:Col-0	HIF:Col-0_Zotu7	0.0196215837	0.1400770634
R209L1S16	Zotu5	HIF:Col-0	HIF:Col-0_Zotu5	0.0237561317	0.1541302427
R209L1S16	Zotu4	HIF:Col-0	HIF:Col-0_Zotu4	0.0114225648	0.1068763996
R209L1S16	Zotu3	HIF:Col-0	HIF:Col-0_Zotu3	0.0379117029	0.1947092779
R209L1S16	Zotu1	HIF:Col-0	HIF:Col-0_Zotu1	0.0747722495	0.273445149
R209L1S18	Zotu6	HIF:Est-1	HIF:Est-1_Zotu6	0.0407734342	0.2019243279
R209L1S18	Zotu7	HIF:Est-1	HIF:Est-1_Zotu7	0.0003152585	0.01775552027
R209L1S18	Zotu5	HIF:Est-1	HIF:Est-1_Zotu5	0.0005254309	0.02292227956
R209L1S18	Zotu4	HIF:Est-1	HIF:Est-1_Zotu4	0.0160781841	0.1267997796
R209L1S18	Zotu3	HIF:Est-1	HIF:Est-1_Zotu3	0.0083018075	0.0911142552
R209L1S18	Zotu1	HIF:Est-1	HIF:Est-1_Zotu1	0.9158259773	0.9569879713
R209L1S20	Zotu6	HIF:Col-0	HIF:Col-0_Zotu6	0.0064861816	0.08053683381
R209L1S20	Zotu7	HIF:Col-0	HIF:Col-0_Zotu7	0.0033840948	0.05817297311
R209L1S20	Zotu5	HIF:Col-0	HIF:Col-0_Zotu5	0.0073322053	0.08562829731
R209L1S20	Zotu4	HIF:Col-0	HIF:Col-0_Zotu4	0.0025380711	0.05037927252
R209L1S20	Zotu3	HIF:Col-0	HIF:Col-0_Zotu3	0.6094190637	0.7806529726
R209L1S20	Zotu1	HIF:Col-0	HIF:Col-0_Zotu1	6.333051325	2.516555449
R209L1S21	Zotu6	HIF:Col-0	HIF:Col-0_Zotu6	0.007472974	0.08644636487
R209L1S21	Zotu7	HIF:Col-0	HIF:Col-0_Zotu7	0.0047159544	0.06867280685
R209L1S21	Zotu5	HIF:Col-0	HIF:Col-0_Zotu5	0.0149459479	0.1222536212
R209L1S21	Zotu4	HIF:Col-0	HIF:Col-0_Zotu4	0.1880577523	0.4336562605
R209L1S21	Zotu3	HIF:Col-0	HIF:Col-0_Zotu3	0.069941232	0.2644640467
R209L1S21	Zotu1	HIF:Col-0	HIF:Col-0_Zotu1	1.555757092	1.247299921
R209L1S21	Zotu6	HIF:Est-1	HIF:Est-1_Zotu6	0.0042669672	0.06532202691
R209L1S21	Zotu7	HIF:Est-1	HIF:Est-1_Zotu7	0.0273729973	0.1654478688
R209L1S21	Zotu5	HIF:Est-1	HIF:Est-1_Zotu5	0.0198454231	0.1408737843
R209L1S21	Zotu4	HIF:Est-1	HIF:Est-1_Zotu4	0.0373158361	0.1931730729
R209L1S21	Zotu3	HIF:Est-1	HIF:Est-1_Zotu3	0.1504709766	0.3879058863
R209L1S21	Zotu1	HIF:Est-1	HIF:Est-1_Zotu1	1.096369052	1.047076431
R209L1S24	Zotu6	HIF:Est-1	HIF:Est-1_Zotu6	0.0067432567	0.08211733495
R209L1S24	Zotu7	HIF:Est-1	HIF:Est-1_Zotu7	0.0093656344	0.09677620782
R209L1S24	Zotu5	HIF:Est-1	HIF:Est-1_Zotu5	0.019542957	0.1397961266
R209L1S24	Zotu4	HIF:Est-1	HIF:Est-1_Zotu4	0.0881306194	0.2968680168
R209L1S24	Zotu3	HIF:Est-1	HIF:Est-1_Zotu3	0.0807005495	0.2840784214
R209L1S24	Zotu1	HIF:Est-1	HIF:Est-1_Zotu1	0.4161463536	0.6450940657
R209L1S25	Zotu6	HIF:Col-0	HIF:Col-0_Zotu6	0.132281944	0.3637058482
R209L1S25	Zotu7	HIF:Col-0	HIF:Col-0_Zotu7	0.0125523013	0.1120370532
R209L1S25	Zotu5	HIF:Col-0	HIF:Col-0_Zotu5	0.0061152237	0.07819989578
R209L1S25	Zotu4	HIF:Col-0	HIF:Col-0_Zotu4	0.0193112327	0.1389648614
R209L1S25	Zotu3	HIF:Col-0	HIF:Col-0_Zotu3	3.956549726	1.989107771
R209L1S25	Zotu1	HIF:Col-0	HIF:Col-0_Zotu1	4.279369166	2.068663618
R209L1S26	Zotu6	HIF:Col-0	HIF:Col-0_Zotu6	0.0258564964	0.1607995535
R209L1S26	Zotu7	HIF:Col-0	HIF:Col-0_Zotu7	0.0082482224	0.09081972473
R209L1S26	Zotu5	HIF:Col-0	HIF:Col-0_Zotu5	0.000103426	0.01016985742
R209L1S26	Zotu4	HIF:Col-0	HIF:Col-0_Zotu4	0.0636845507	0.2523579812
R209L1S26	Zotu3	HIF:Col-0	HIF:Col-0_Zotu3	0.0357853911	0.1891702701
R209L1S26	Zotu1	HIF:Col-0	HIF:Col-0_Zotu1	0.3146477052	0.5609346711
R209L1S27	Zotu6	HIF:Est-1	HIF:Est-1_Zotu6	0.001497006	0.03869116178
R209L1S27	Zotu7	HIF:Est-1	HIF:Est-1_Zotu7	0.0109495295	0.1046399995
R209L1S27	Zotu5	HIF:Est-1	HIF:Est-1_Zotu5	0.0182207015	0.1349840787
R209L1S27	Zotu4	HIF:Est-1	HIF:Est-1_Zotu4	0.0159538067	0.1263083794
R209L1S27	Zotu3	HIF:Est-1	HIF:Est-1_Zotu3	0.0126603935	0.112518414
R209L1S27	Zotu1	HIF:Est-1	HIF:Est-1_Zotu1	0.8473481608	0.9205151605
R209L1S28	Zotu6	HIF:Est-1	HIF:Est-1_Zotu6	0.0028931348	0.05378786852
R209L1S28	Zotu7	HIF:Est-1	HIF:Est-1_Zotu7	0.0076547526	0.08749144301
R209L1S28	Zotu5	HIF:Est-1	HIF:Est-1_Zotu5	0.2699053704	0.5195241769
R209L1S28	Zotu4	HIF:Est-1	HIF:Est-1_Zotu4	0.1476704237	0.3842790961
R209L1S28	Zotu3	HIF:Est-1	HIF:Est-1_Zotu3	0.0324272196	0.1800755941
R209L1S28	Zotu1	HIF:Est-1	HIF:Est-1_Zotu1	1.552890121	1.24615012
R209L1S28	Zotu6	HIF:Col-0	HIF:Col-0_Zotu6	0.0029614648	0.05441934215
R209L1S28	Zotu7	HIF:Col-0	HIF:Col-0_Zotu7	0.0106540503	0.1032184591
R209L1S28	Zotu5	HIF:Col-0	HIF:Col-0_Zotu5	0.0201704648	0.1420227616
R209L1S28	Zotu4	HIF:Col-0	HIF:Col-0_Zotu4	0.0071689118	0.0846694266
R209L1S28	Zotu3	HIF:Col-0	HIF:Col-0_Zotu3	0.044710896	0.2114495117
R209L1S28	Zotu1	HIF:Col-0	HIF:Col-0_Zotu1	0.805825418	0.8976777919
R209L1S29	Zotu6	HIF:Est-1	HIF:Est-1_Zotu6	0.0031221304	0.05587602706
R209L1S29	Zotu7	HIF:Est-1	HIF:Est-1_Zotu7	0.0155647383	0.1247587203
R209L1S29	Zotu5	HIF:Est-1	HIF:Est-1_Zotu5	0.0177226814	0.1331265616
R209L1S29	Zotu4	HIF:Est-1	HIF:Est-1_Zotu4	0.0191000918	0.1382030817
R209L1S29	Zotu3	HIF:Est-1	HIF:Est-1_Zotu3	0.0726354454	0.2695096388
R209L1S29	Zotu1	HIF:Est-1	HIF:Est-1_Zotu1	1.072405877	1.035570315
R209L1S2	Zotu6	HIF:Col-0	HIF:Col-0_Zotu6	0.000662164	0.02573254748
R209L1S2	Zotu7	HIF:Col-0	HIF:Col-0_Zotu7	0.0188054562	0.1371329873
R209L1S2	Zotu5	HIF:Col-0	HIF:Col-0_Zotu5	0.0129784135	0.1139228401
R209L1S2	Zotu4	HIF:Col-0	HIF:Col-0_Zotu4	0.3884253741	0.623237815
R209L1S2	Zotu3	HIF:Col-0	HIF:Col-0_Zotu3	0.0956164746	0.3092191369
R209L1S2	Zotu1	HIF:Col-0	HIF:Col-0_Zotu1	3.837240101	1.958887465
R209L1S2	Zotu6	HIF:Est-1	HIF:Est-1_Zotu6	0.1281265326	0.3579476674
R209L1S2	Zotu7	HIF:Est-1	HIF:Est-1_Zotu7	0.0057626287	0.07591197995
R209L1S2	Zotu5	HIF:Est-1	HIF:Est-1_Zotu5	0.0014100049	0.03755003196
R209L1S2	Zotu4	HIF:Est-1	HIF:Est-1_Zotu4	0.2156081412	0.4643362372
R209L1S2	Zotu3	HIF:Est-1	HIF:Est-1_Zotu3	0.0048430603	0.06959209941
R209L1S2	Zotu1	HIF:Est-1	HIF:Est-1_Zotu1	0.9363045611	0.9676283176
R209L1S33	Zotu6	HIF:Est-1	HIF:Est-1_Zotu6	0.0030648239	0.05536085169
R209L1S33	Zotu7	HIF:Est-1	HIF:Est-1_Zotu7	0.2141328861	0.4627449471
R209L1S33	Zotu5	HIF:Est-1	HIF:Est-1_Zotu5	0.1070375296	0.3271659053
R209L1S33	Zotu4	HIF:Est-1	HIF:Est-1_Zotu4	0.2026253397	0.4501392448
R209L1S33	Zotu3	HIF:Est-1	HIF:Est-1_Zotu3	0.0301277974	0.173573608
R209L1S33	Zotu1	HIF:Est-1	HIF:Est-1_Zotu1	1.041114902	1.020350382
R209L1S34	Zotu6	HIF:Est-1	HIF:Est-1_Zotu6	0.3736521935	0.6112709657
R209L1S34	Zotu7	HIF:Est-1	HIF:Est-1_Zotu7	0.0045060993	0.06712748543
R209L1S34	Zotu5	HIF:Est-1	HIF:Est-1_Zotu5	0.0145482635	0.1206161826
R209L1S34	Zotu4	HIF:Est-1	HIF:Est-1_Zotu4	0.0725160127	0.2692879736
R209L1S34	Zotu3	HIF:Est-1	HIF:Est-1_Zotu3	0.0356303711	0.1887600887
R209L1S34	Zotu1	HIF:Est-1	HIF:Est-1_Zotu1	0.4470050533	0.6685843651
R209L1S34	Zotu6	HIF:Est-1	HIF:Est-1_Zotu6	0.2229344729	0.4721593724
R209L1S34	Zotu7	HIF:Est-1	HIF:Est-1_Zotu7	0.0594017094	0.243724659
R209L1S34	Zotu5	HIF:Est-1	HIF:Est-1_Zotu5	0.0361823362	0.1902165508
R209L1S34	Zotu4	HIF:Est-1	HIF:Est-1_Zotu4	0.4548433048	0.6744207179
R209L1S34	Zotu3	HIF:Est-1	HIF:Est-1_Zotu3	0.0636752137	0.2523394811
R209L1S34	Zotu1	HIF:Est-1	HIF:Est-1_Zotu1	1.185470086	1.088792949
R209L1S35	Zotu6	HIF:Col-0	HIF:Col-0_Zotu6	0.0009532888	0.0308753753
R209L1S35	Zotu7	HIF:Col-0	HIF:Col-0_Zotu7	0.4751350493	0.6893004057
R209L1S35	Zotu5	HIF:Col-0	HIF:Col-0_Zotu5	0.003018748	0.05494313424
R209L1S35	Zotu4	HIF:Col-0	HIF:Col-0_Zotu4	1.492850334	1.221822546
R209L1S35	Zotu3	HIF:Col-0	HIF:Col-0_Zotu3	0.5038131554	0.709797968
R209L1S35	Zotu1	HIF:Col-0	HIF:Col-0_Zotu1	1.794407372	1.339554916
R209L1S35	Zotu6	HIF:Col-0	HIF:Col-0_Zotu6	0.0093585744	0.09673972504
R209L1S35	Zotu7	HIF:Col-0	HIF:Col-0_Zotu7	0.0135677962	0.1164808834
R209L1S35	Zotu5	HIF:Col-0	HIF:Col-0_Zotu5	0.0291013205	0.1705910915
R209L1S35	Zotu4	HIF:Col-0	HIF:Col-0_Zotu4	0.0151275587	0.1229941409
R209L1S35	Zotu3	HIF:Col-0	HIF:Col-0_Zotu3	0.0590573052	0.2430170883
R209L1S35	Zotu1	HIF:Col-0	HIF:Col-0_Zotu1	0.4735695056	0.6881638654
R209L1S36	Zotu6	HIF:Col-0	HIF:Col-0_Zotu6	0.0005391804	0.0232202584
R209L1S36	Zotu7	HIF:Col-0	HIF:Col-0_Zotu7	0.001976995	0.04446341192
R209L1S36	Zotu5	HIF:Col-0	HIF:Col-0_Zotu5	0.0062904385	0.07931228467
R209L1S36	Zotu4	HIF:Col-0	HIF:Col-0_Zotu4	0.0089863408	0.09479631216
R209L1S36	Zotu3	HIF:Col-0	HIF:Col-0_Zotu3	0.1119698059	0.3346188965
R209L1S36	Zotu1	HIF:Col-0	HIF:Col-0_Zotu1	3.944104961	1.98597708
R209L1S38	Zotu6	HIF:Est-1	HIF:Est-1_Zotu6	0.0017260723	0.04154602628
R209L1S38	Zotu7	HIF:Est-1	HIF:Est-1_Zotu7	0.005178217	0.07195982907
R209L1S38	Zotu5	HIF:Est-1	HIF:Est-1_Zotu5	0.0571329939	0.2390250905
R209L1S38	Zotu4	HIF:Est-1	HIF:Est-1_Zotu4	0.0077673255	0.0881324316
R209L1S38	Zotu3	HIF:Est-1	HIF:Est-1_Zotu3	0.0782773798	0.2797809497
R209L1S38	Zotu1	HIF:Est-1	HIF:Est-1_Zotu1	1.652627945	1.285545777
R209L1S40	Zotu6	HIF:Est-1	HIF:Est-1_Zotu6	0.0008308638	0.02882470815
R209L1S40	Zotu7	HIF:Est-1	HIF:Est-1_Zotu7	0.0075331653	0.08679380911
R209L1S40	Zotu5	HIF:Est-1	HIF:Est-1_Zotu5	0.0046251419	0.06800839581
R209L1S40	Zotu4	HIF:Est-1	HIF:Est-1_Zotu4	0.49383776	0.7027359106
R209L1S40	Zotu3	HIF:Est-1	HIF:Est-1_Zotu3	0.0175589221	0.132510083
R209L1S40	Zotu1	HIF:Est-1	HIF:Est-1_Zotu1	0.4731492508	0.6878584526
R209L1S41	Zotu6	HIF:Est-1	HIF:Est-1_Zotu6	0.9687813022	0.9842668857
R209L1S41	Zotu7	HIF:Est-1	HIF:Est-1_Zotu7	0.0257512521	0.1604719667
R209L1S41	Zotu5	HIF:Est-1	HIF:Est-1_Zotu5	0.0078881469	0.08881524025
R209L1S41	Zotu4	HIF:Est-1	HIF:Est-1_Zotu4	0.0102671119	0.1013267581
R209L1S41	Zotu3	HIF:Est-1	HIF:Est-1_Zotu3	0.0475792988	0.2181267952
R209L1S41	Zotu1	HIF:Est-1	HIF:Est-1_Zotu1	1.426627713	1.194415218
R209L1S43	Zotu6	HIF:Est-1	HIF:Est-1_Zotu6	0.8666666667	0.9309493363
R209L1S43	Zotu7	HIF:Est-1	HIF:Est-1_Zotu7	0.0250149611	0.1581611871
R209L1S43	Zotu5	HIF:Est-1	HIF:Est-1_Zotu5	0.0152004788	0.1232902218
R209L1S43	Zotu4	HIF:Est-1	HIF:Est-1_Zotu4	0.2318372232	0.48149478
R209L1S43	Zotu3	HIF:Est-1	HIF:Est-1_Zotu3	0.1046080192	0.3234316299
R209L1S43	Zotu1	HIF:Est-1	HIF:Est-1_Zotu1	2.396648713	1.548111338
R209L1S43	Zotu6	HIF:Est-1	HIF:Est-1_Zotu6	0.0002232087	0.01494017068
R209L1S43	Zotu7	HIF:Est-1	HIF:Est-1_Zotu7	0.0088291461	0.09396353601
R209L1S43	Zotu5	HIF:Est-1	HIF:Est-1_Zotu5	0.0288187297	0.1697608014
R209L1S43	Zotu4	HIF:Est-1	HIF:Est-1_Zotu4	0.0026041021	0.05103040368
R209L1S43	Zotu3	HIF:Est-1	HIF:Est-1_Zotu3	0.0180055058	0.134184596
R209L1S43	Zotu1	HIF:Est-1	HIF:Est-1_Zotu1	0.1026512239	0.3203922969
R209L1S44	Zotu6	HIF:Col-0	HIF:Col-0_Zotu6	0.01808	0.1344618905
R209L1S44	Zotu7	HIF:Col-0	HIF:Col-0_Zotu7	0.0134	0.115758369
R209L1S44	Zotu5	HIF:Col-0	HIF:Col-0_Zotu5	0.06488	0.2547155276
R209L1S44	Zotu4	HIF:Col-0	HIF:Col-0_Zotu4	0.01378	0.1173882447
R209L1S44	Zotu3	HIF:Col-0	HIF:Col-0_Zotu3	0.04782	0.2186778452
R209L1S44	Zotu1	HIF:Col-0	HIF:Col-0_Zotu1	0.64798	0.8049720492
R209L1S45	Zotu6	HIF:Est-1	HIF:Est-1_Zotu6	0.0048501761	0.0696432057
R209L1S45	Zotu7	HIF:Est-1	HIF:Est-1_Zotu7	0.0082718756	0.09094985212
R209L1S45	Zotu5	HIF:Est-1	HIF:Est-1_Zotu5	0.0284366487	0.1686316954
R209L1S45	Zotu4	HIF:Est-1	HIF:Est-1_Zotu4	0.0033552588	0.05792459581
R209L1S45	Zotu3	HIF:Est-1	HIF:Est-1_Zotu3	0.0266095276	0.1631242704
R209L1S45	Zotu1	HIF:Est-1	HIF:Est-1_Zotu1	0.7847983523	0.8858884536
R209L1S45	Zotu6	HIF:Est-1	HIF:Est-1_Zotu6	0.0046667985	0.06831397002
R209L1S45	Zotu7	HIF:Est-1	HIF:Est-1_Zotu7	0.0055368796	0.07441021166
R209L1S45	Zotu5	HIF:Est-1	HIF:Est-1_Zotu5	0.0210796915	0.1451884689
R209L1S45	Zotu4	HIF:Est-1	HIF:Est-1_Zotu4	0.0295432074	0.171881376
R209L1S45	Zotu3	HIF:Est-1	HIF:Est-1_Zotu3	0.1527783271	0.3908686827
R209L1S45	Zotu1	HIF:Est-1	HIF:Est-1_Zotu1	0.496460352	0.7045994266
R209L1S47	Zotu6	HIF:Col-0	HIF:Col-0_Zotu6	0.0022825095	0.04777561617
R209L1S47	Zotu7	HIF:Col-0	HIF:Col-0_Zotu7	0.0102712926	0.1013473858
R209L1S47	Zotu5	HIF:Col-0	HIF:Col-0_Zotu5	0.0455523673	0.2134300056
R209L1S47	Zotu4	HIF:Col-0	HIF:Col-0_Zotu4	0.0682144255	0.2611789147
R209L1S47	Zotu3	HIF:Col-0	HIF:Col-0_Zotu3	0.0433676797	0.2082490809
R209L1S47	Zotu1	HIF:Col-0	HIF:Col-0_Zotu1	0.8547345768	0.9245185649
R209L1S47	Zotu6	HIF:Col-0	HIF:Col-0_Zotu6	0.0034482759	0.05872202227
R209L1S47	Zotu7	HIF:Col-0	HIF:Col-0_Zotu7	0.0142633229	0.1194291543
R209L1S47	Zotu5	HIF:Col-0	HIF:Col-0_Zotu5	0.0097962382	0.09897594758
R209L1S47	Zotu4	HIF:Col-0	HIF:Col-0_Zotu4	0.0058777429	0.0766664392
R209L1S47	Zotu3	HIF:Col-0	HIF:Col-0_Zotu3	0.2181818182	0.4670993665
R209L1S47	Zotu1	HIF:Col-0	HIF:Col-0_Zotu1	1.716222571	1.310046782
R209L1S51	Zotu6	HIF:Col-0	HIF:Col-0_Zotu6	0.0015476881	0.03934066725
R209L1S51	Zotu7	HIF:Col-0	HIF:Col-0_Zotu7	0.0133488102	0.1155370512
R209L1S51	Zotu5	HIF:Col-0	HIF:Col-0_Zotu5	0.1507061327	0.3882088777
R209L1S51	Zotu4	HIF:Col-0	HIF:Col-0_Zotu4	0.0125749661	0.1121381563
R209L1S51	Zotu3	HIF:Col-0	HIF:Col-0_Zotu3	0.296769201	0.5447652715
R209L1S51	Zotu1	HIF:Col-0	HIF:Col-0_Zotu1	2.778680596	1.66693749
R209L1S52	Zotu6	HIF:Est-1	HIF:Est-1_Zotu6	0.0017339218	0.04164038665
R209L1S52	Zotu7	HIF:Est-1	HIF:Est-1_Zotu7	0.0037831021	0.06150692725
R209L1S52	Zotu5	HIF:Est-1	HIF:Est-1_Zotu5	0.0316834805	0.1779985407
R209L1S52	Zotu4	HIF:Est-1	HIF:Est-1_Zotu4	0.0178121059	0.1334620017
R209L1S52	Zotu3	HIF:Est-1	HIF:Est-1_Zotu3	0.1921500631	0.4383492479
R209L1S52	Zotu1	HIF:Est-1	HIF:Est-1_Zotu1	0.7085435057	0.8417502633
R209L1S54	Zotu6	HIF:Est-1	HIF:Est-1_Zotu6	0.2455388108	0.495518729
R209L1S54	Zotu7	HIF:Est-1	HIF:Est-1_Zotu7	0.0346385859	0.186114443
R209L1S54	Zotu5	HIF:Est-1	HIF:Est-1_Zotu5	0.0165205877	0.1285324383
R209L1S54	Zotu4	HIF:Est-1	HIF:Est-1_Zotu4	0.3353721336	0.5791132304
R209L1S54	Zotu3	HIF:Est-1	HIF:Est-1_Zotu3	1.473274902	1.213785361
R209L1S54	Zotu1	HIF:Est-1	HIF:Est-1_Zotu1	7.421338042	2.724213289
R209L1S55	Zotu6	HIF:Col-0	HIF:Col-0_Zotu6	0.0069948884	0.08363544942
R209L1S55	Zotu7	HIF:Col-0	HIF:Col-0_Zotu7	0.0263653484	0.1623741002
R209L1S55	Zotu5	HIF:Col-0	HIF:Col-0_Zotu5	0.0010761367	0.03280452255
R209L1S55	Zotu4	HIF:Col-0	HIF:Col-0_Zotu4	0.1725854183	0.415434012
R209L1S55	Zotu3	HIF:Col-0	HIF:Col-0_Zotu3	0.1989507667	0.4460389744
R209L1S55	Zotu1	HIF:Col-0	HIF:Col-0_Zotu1	1.218590261	1.103897758
R209L1S57	Zotu6	HIF:Col-0	HIF:Col-0_Zotu6	0.0489713417	0.2212946942
R209L1S57	Zotu7	HIF:Col-0	HIF:Col-0_Zotu7	0.3127601665	0.559249646
R209L1S57	Zotu5	HIF:Col-0	HIF:Col-0_Zotu5	0.023475024	0.1532156128
R209L1S57	Zotu4	HIF:Col-0	HIF:Col-0_Zotu4	0.0030019212	0.05478979102
R209L1S57	Zotu3	HIF:Col-0	HIF:Col-0_Zotu3	0.0898575088	0.2997624206
R209L1S57	Zotu1	HIF:Col-0	HIF:Col-0_Zotu1	0.4377401537	0.661619342
R209L1S57	Zotu6	HIF:Col-0	HIF:Col-0_Zotu6	0.0041146425	0.06414547919
R209L1S57	Zotu7	HIF:Col-0	HIF:Col-0_Zotu7	0.0104994325	0.1024667385
R209L1S57	Zotu5	HIF:Col-0	HIF:Col-0_Zotu5	0.0291572077	0.1707548175
R209L1S57	Zotu4	HIF:Col-0	HIF:Col-0_Zotu4	0.0083711691	0.09149409325
R209L1S57	Zotu3	HIF:Col-0	HIF:Col-0_Zotu3	0.0612939841	0.2475762188
R209L1S57	Zotu1	HIF:Col-0	HIF:Col-0_Zotu1	0.8366203178	0.9146695129
R209L1S63	Zotu6	HIF:Col-0	HIF:Col-0_Zotu6	0.0037484382	0.0612244902
R209L1S63	Zotu7	HIF:Col-0	HIF:Col-0_Zotu7	0.0113841455	0.1066965112
R209L1S63	Zotu5	HIF:Col-0	HIF:Col-0_Zotu5	0.2040816327	0.4517539515
R209L1S63	Zotu4	HIF:Col-0	HIF:Col-0_Zotu4	0.0973205609	0.3119624351
R209L1S63	Zotu3	HIF:Col-0	HIF:Col-0_Zotu3	0.0385950298	0.1964561778
R209L1S63	Zotu1	HIF:Col-0	HIF:Col-0_Zotu1	0.6749965292	0.821581724
R209L1S68	Zotu6	HIF:Col-0	HIF:Col-0_Zotu6	0.0005928561	0.02434863651
R209L1S68	Zotu7	HIF:Col-0	HIF:Col-0_Zotu7	0.0090410553	0.09508446403
R209L1S68	Zotu5	HIF:Col-0	HIF:Col-0_Zotu5	0.0165999704	0.1288408724
R209L1S68	Zotu4	HIF:Col-0	HIF:Col-0_Zotu4	0.0026678524	0.05165125749
R209L1S68	Zotu3	HIF:Col-0	HIF:Col-0_Zotu3	0.0112642656	0.1061332446
R209L1S68	Zotu1	HIF:Col-0	HIF:Col-0_Zotu1	0.1403586779	0.3746447356
R209L1S69	Zotu6	HIF:Col-0	HIF:Col-0_Zotu6	0.0654899208	0.2559099857
R209L1S69	Zotu7	HIF:Col-0	HIF:Col-0_Zotu7	0.0025072711	0.05007265821
R209L1S69	Zotu5	HIF:Col-0	HIF:Col-0_Zotu5	0.0297863805	0.1725873127
R209L1S69	Zotu4	HIF:Col-0	HIF:Col-0_Zotu4	0.0195567145	0.1398453235
R209L1S69	Zotu3	HIF:Col-0	HIF:Col-0_Zotu3	0.1940627821	0.4405255749
R209L1S69	Zotu1	HIF:Col-0	HIF:Col-0_Zotu1	1.043726808	1.021629487
R209L1S6	Zotu6	HIF:Est-1	HIF:Est-1_Zotu6	0.0037804325	0.0614852218
R209L1S6	Zotu7	HIF:Est-1	HIF:Est-1_Zotu7	0.022228943	0.149093739
R209L1S6	Zotu5	HIF:Est-1	HIF:Est-1_Zotu5	0.0908815969	0.3014657475
R209L1S6	Zotu4	HIF:Est-1	HIF:Est-1_Zotu4	0.8085588991	0.899199032
R209L1S6	Zotu3	HIF:Est-1	HIF:Est-1_Zotu3	0.066686829	0.258237931
R209L1S6	Zotu1	HIF:Est-1	HIF:Est-1_Zotu1	2.661575684	1.631433629
R209L1S75	Zotu6	HIF:Est-1	HIF:Est-1_Zotu6	0.0070054487	0.08369855853
R209L1S75	Zotu7	HIF:Est-1	HIF:Est-1_Zotu7	0.4882686534	0.6987622295
R209L1S75	Zotu5	HIF:Est-1	HIF:Est-1_Zotu5	0.0076726343	0.08759357454
R209L1S75	Zotu4	HIF:Est-1	HIF:Est-1_Zotu4	0.026576226	0.1630221641
R209L1S75	Zotu3	HIF:Est-1	HIF:Est-1_Zotu3	0.2737684866	0.5232289046
R209L1S75	Zotu1	HIF:Est-1	HIF:Est-1_Zotu1	11.48359835	3.388745838
R209L1S77	Zotu6	HIF:Est-1	HIF:Est-1_Zotu6	0.0575404506	0.2398759067
R209L1S77	Zotu7	HIF:Est-1	HIF:Est-1_Zotu7	0.2721994271	0.5217273494
R209L1S77	Zotu5	HIF:Est-1	HIF:Est-1_Zotu5	0.0026321901	0.05130487404
R209L1S77	Zotu4	HIF:Est-1	HIF:Est-1_Zotu4	0.0536695827	0.2316669651
R209L1S77	Zotu3	HIF:Est-1	HIF:Est-1_Zotu3	0.0397151041	0.1992864875
R209L1S77	Zotu1	HIF:Est-1	HIF:Est-1_Zotu1	0.2054463111	0.4532618571
R209L1S81	Zotu6	HIF:Est-1	HIF:Est-1_Zotu6	0.0113924595	0.1067354651
R209L1S81	Zotu7	HIF:Est-1	HIF:Est-1_Zotu7	0.0165513091	0.1286518912
R209L1S81	Zotu5	HIF:Est-1	HIF:Est-1_Zotu5	0.0010317699	0.03212117526
R209L1S81	Zotu4	HIF:Est-1	HIF:Est-1_Zotu4	0.0064055716	0.08003481492
R209L1S81	Zotu3	HIF:Est-1	HIF:Est-1_Zotu3	0.0430334036	0.2074449411
R209L1S81	Zotu1	HIF:Est-1	HIF:Est-1_Zotu1	1.147371136	1.071154114
R209L1S83	Zotu6	HIF:Est-1	HIF:Est-1_Zotu6	0.0053805774	0.07335241918
R209L1S83	Zotu7	HIF:Est-1	HIF:Est-1_Zotu7	1.660761155	1.288705224
R209L1S83	Zotu5	HIF:Est-1	HIF:Est-1_Zotu5	0.0254593176	0.1595597618
R209L1S83	Zotu4	HIF:Est-1	HIF:Est-1_Zotu4	0.18832021	0.4339587653
R209L1S83	Zotu3	HIF:Est-1	HIF:Est-1_Zotu3	0.0346456693	0.1861334717
R209L1S83	Zotu1	HIF:Est-1	HIF:Est-1_Zotu1	2.838582677	1.684809389
R209L1S84	Zotu6	HIF:Est-1	HIF:Est-1_Zotu6	0.0627208481	0.2504413067
R209L1S84	Zotu7	HIF:Est-1	HIF:Est-1_Zotu7	0.0166188163	0.128913988
R209L1S84	Zotu5	HIF:Est-1	HIF:Est-1_Zotu5	0.0102694346	0.1013382189
R209L1S84	Zotu4	HIF:Est-1	HIF:Est-1_Zotu4	0.0331824205	0.1821604252
R209L1S84	Zotu3	HIF:Est-1	HIF:Est-1_Zotu3	0.6539863074	0.8086941989
R209L1S84	Zotu1	HIF:Est-1	HIF:Est-1_Zotu1	1.281746908	1.132142618
R209L1S85	Zotu6	HIF:Est-1	HIF:Est-1_Zotu6	0.0217440646	0.1474586878
R209L1S85	Zotu7	HIF:Est-1	HIF:Est-1_Zotu7	0.1653275228	0.4066048731
R209L1S85	Zotu5	HIF:Est-1	HIF:Est-1_Zotu5	0.0468473376	0.2164424579
R209L1S85	Zotu4	HIF:Est-1	HIF:Est-1_Zotu4	0.0093967043	0.09693659938
R209L1S85	Zotu3	HIF:Est-1	HIF:Est-1_Zotu3	0.0350901085	0.1873235396
R209L1S85	Zotu1	HIF:Est-1	HIF:Est-1_Zotu1	0.9080303237	0.9529062513
R209L1S88	Zotu6	HIF:Col-0	HIF:Col-0_Zotu6	0.0336644592	0.1834787704
R209L1S88	Zotu7	HIF:Col-0	HIF:Col-0_Zotu7	0.0126931567	0.1126639104
R209L1S88	Zotu5	HIF:Col-0	HIF:Col-0_Zotu5	0.1523178808	0.3902792344
R209L1S88	Zotu4	HIF:Col-0	HIF:Col-0_Zotu4	0.0579470199	0.2407218725
R209L1S88	Zotu3	HIF:Col-0	HIF:Col-0_Zotu3	2.281181016	1.51035791
R209L1S88	Zotu1	HIF:Col-0	HIF:Col-0_Zotu1	3.003587197	1.733086033
R209L1S90	Zotu6	HIF:Col-0	HIF:Col-0_Zotu6	0.0052252395	0.07228581811
R209L1S90	Zotu7	HIF:Col-0	HIF:Col-0_Zotu7	0.008312881	0.09117500206
R209L1S90	Zotu5	HIF:Col-0	HIF:Col-0_Zotu5	0.0365766764	0.1912502978
R209L1S90	Zotu4	HIF:Col-0	HIF:Col-0_Zotu4	0.0030084712	0.05484953236
R209L1S90	Zotu3	HIF:Col-0	HIF:Col-0_Zotu3	0.0704615628	0.2654459696
R209L1S90	Zotu1	HIF:Col-0	HIF:Col-0_Zotu1	0.7746021693	0.8801148614
R209L1S94	Zotu6	HIF:Est-1	HIF:Est-1_Zotu6	0.0035714286	0.05976143071
R209L1S94	Zotu7	HIF:Est-1	HIF:Est-1_Zotu7	0.0148617512	0.1219087823
R209L1S94	Zotu5	HIF:Est-1	HIF:Est-1_Zotu5	0.0321428571	0.1792842913
R209L1S94	Zotu4	HIF:Est-1	HIF:Est-1_Zotu4	0.0109447005	0.1046169226
R209L1S94	Zotu3	HIF:Est-1	HIF:Est-1_Zotu3	0.0726958525	0.269621684
R209L1S94	Zotu1	HIF:Est-1	HIF:Est-1_Zotu1	1.42983871	1.195758634
