Date	Tray	Experiment	Tray.1	Pot	Exp.Tray.Pot	Group	Genotype	Area	Area_cm2
14-Nov-2017	6.W.C.4.a	16deg	3	1	16deg:3:1	8	Est-1	1970	0.520203125
14-Nov-2017	6.W.C.4.a	16deg	3	5	16deg:3:5	10	Est-1:acd6-null	2534	0.669134375
14-Nov-2017	6.W.C.4.a	16deg	3	6	16deg:3:6	8	Est-1	1735	0.458148438
14-Nov-2017	6.W.C.4.a	16deg	3	12	16deg:3:12	9	Est-1:acd6-null	2293	0.605495313
14-Nov-2017	6.W.C.4.a	16deg	3	25	16deg:3:25	8	Est-1	1598	0.421971875
14-Nov-2017	6.W.C.4.a	16deg	3	28	16deg:3:28	8	Est-1	1626	0.429365625
14-Nov-2017	6.W.C.4.a	16deg	3	29	16deg:3:29	10	Est-1:acd6-null	2036	0.53763125
15-Nov-2017	6.W.C.4.a	16deg	3	1	16deg:3:1	8	Est-1	2564	0.67705625
15-Nov-2017	6.W.C.4.a	16deg	3	5	16deg:3:5	10	Est-1:acd6-null	3355	0.885929688
15-Nov-2017	6.W.C.4.a	16deg	3	6	16deg:3:6	8	Est-1	1825	0.481914063
15-Nov-2017	6.W.C.4.a	16deg	3	12	16deg:3:12	9	Est-1:acd6-null	2369	0.625564063
15-Nov-2017	6.W.C.4.a	16deg	3	25	16deg:3:25	8	Est-1	1805	0.476632813
15-Nov-2017	6.W.C.4.a	16deg	3	28	16deg:3:28	8	Est-1	1978	0.522315625
15-Nov-2017	6.W.C.4.a	16deg	3	29	16deg:3:29	10	Est-1:acd6-null	2457	0.648801563
16-Nov-2017	6.W.C.4.a	16deg	3	1	16deg:3:1	8	Est-1	2766	0.730396875
16-Nov-2017	6.W.C.4.a	16deg	3	5	16deg:3:5	10	Est-1:acd6-null	3642	0.961715625
16-Nov-2017	6.W.C.4.a	16deg	3	6	16deg:3:6	8	Est-1	2554	0.674415625
16-Nov-2017	6.W.C.4.a	16deg	3	12	16deg:3:12	9	Est-1:acd6-null	2783	0.734885938
16-Nov-2017	6.W.C.4.a	16deg	3	25	16deg:3:25	8	Est-1	2243	0.592292188
16-Nov-2017	6.W.C.4.a	16deg	3	28	16deg:3:28	8	Est-1	2196	0.57988125
16-Nov-2017	6.W.C.4.a	16deg	3	29	16deg:3:29	10	Est-1:acd6-null	2880	0.7605
17-Nov-2017	6.W.C.4.a	16deg	3	1	16deg:3:1	8	Est-1	3159	0.834173438
17-Nov-2017	6.W.C.4.a	16deg	3	5	16deg:3:5	10	Est-1:acd6-null	4562	1.204653125
17-Nov-2017	6.W.C.4.a	16deg	3	6	16deg:3:6	8	Est-1	3539	0.934517188
17-Nov-2017	6.W.C.4.a	16deg	3	12	16deg:3:12	9	Est-1:acd6-null	3549	0.937157813
17-Nov-2017	6.W.C.4.a	16deg	3	25	16deg:3:25	8	Est-1	2687	0.709535938
17-Nov-2017	6.W.C.4.a	16deg	3	28	16deg:3:28	8	Est-1	2213	0.584370313
17-Nov-2017	6.W.C.4.a	16deg	3	29	16deg:3:29	10	Est-1:acd6-null	3837	1.013207813
18-Nov-2017	6.W.C.4.a	16deg	3	1	16deg:3:1	8	Est-1	3763	0.993667188
18-Nov-2017	6.W.C.4.a	16deg	3	5	16deg:3:5	10	Est-1:acd6-null	5203	1.373917188
18-Nov-2017	6.W.C.4.a	16deg	3	6	16deg:3:6	8	Est-1	5035	1.329554688
18-Nov-2017	6.W.C.4.a	16deg	3	12	16deg:3:12	9	Est-1:acd6-null	4897	1.293114063
18-Nov-2017	6.W.C.4.a	16deg	3	25	16deg:3:25	8	Est-1	3370	0.889890625
18-Nov-2017	6.W.C.4.a	16deg	3	28	16deg:3:28	8	Est-1	2643	0.697917188
18-Nov-2017	6.W.C.4.a	16deg	3	29	16deg:3:29	10	Est-1:acd6-null	4507	1.190129688
19-Nov-2017	6.W.C.4.a	16deg	3	1	16deg:3:1	8	Est-1	4645	1.226570313
19-Nov-2017	6.W.C.4.a	16deg	3	5	16deg:3:5	10	Est-1:acd6-null	6034	1.593353125
19-Nov-2017	6.W.C.4.a	16deg	3	6	16deg:3:6	8	Est-1	5356	1.41431875
19-Nov-2017	6.W.C.4.a	16deg	3	12	16deg:3:12	9	Est-1:acd6-null	5613	1.482182813
19-Nov-2017	6.W.C.4.a	16deg	3	25	16deg:3:25	8	Est-1	3902	1.030371875
19-Nov-2017	6.W.C.4.a	16deg	3	28	16deg:3:28	8	Est-1	2913	0.769214063
19-Nov-2017	6.W.C.4.a	16deg	3	29	16deg:3:29	10	Est-1:acd6-null	5683	1.500667188
20-Nov-2017	6.W.C.4.a	16deg	3	1	16deg:3:1	8	Est-1	4687	1.237660938
20-Nov-2017	6.W.C.4.a	16deg	3	5	16deg:3:5	10	Est-1:acd6-null	6646	1.754959375
20-Nov-2017	6.W.C.4.a	16deg	3	6	16deg:3:6	8	Est-1	6076	1.60444375
20-Nov-2017	6.W.C.4.a	16deg	3	12	16deg:3:12	9	Est-1:acd6-null	6479	1.710860938
20-Nov-2017	6.W.C.4.a	16deg	3	25	16deg:3:25	8	Est-1	4712	1.2442625
20-Nov-2017	6.W.C.4.a	16deg	3	28	16deg:3:28	8	Est-1	2653	0.700557813
20-Nov-2017	6.W.C.4.a	16deg	3	29	16deg:3:29	10	Est-1:acd6-null	6994	1.846853125
21-Nov-2017	6.W.C.4.a	16deg	3	1	16deg:3:1	8	Est-1	5286	1.395834375
21-Nov-2017	6.W.C.4.a	16deg	3	5	16deg:3:5	10	Est-1:acd6-null	6764	1.78611875
21-Nov-2017	6.W.C.4.a	16deg	3	6	16deg:3:6	8	Est-1	7629	2.014532813
21-Nov-2017	6.W.C.4.a	16deg	3	12	16deg:3:12	9	Est-1:acd6-null	8130	2.146828125
21-Nov-2017	6.W.C.4.a	16deg	3	25	16deg:3:25	8	Est-1	5888	1.5548
21-Nov-2017	6.W.C.4.a	16deg	3	28	16deg:3:28	8	Est-1	3055	0.806710938
21-Nov-2017	6.W.C.4.a	16deg	3	29	16deg:3:29	10	Est-1:acd6-null	8900	2.35015625
22-Nov-2017	6.W.C.4.a	16deg	3	1	16deg:3:1	8	Est-1	6080	1.6055
22-Nov-2017	6.W.C.4.a	16deg	3	5	16deg:3:5	10	Est-1:acd6-null	7722	2.039090625
22-Nov-2017	6.W.C.4.a	16deg	3	6	16deg:3:6	8	Est-1	9788	2.58464375
22-Nov-2017	6.W.C.4.a	16deg	3	12	16deg:3:12	9	Est-1:acd6-null	10123	2.673104688
22-Nov-2017	6.W.C.4.a	16deg	3	25	16deg:3:25	8	Est-1	7563	1.997104688
22-Nov-2017	6.W.C.4.a	16deg	3	28	16deg:3:28	8	Est-1	3138	0.828628125
22-Nov-2017	6.W.C.4.a	16deg	3	29	16deg:3:29	10	Est-1:acd6-null	10552	2.7863875
23-Nov-2017	6.W.C.4.a	16deg	3	1	16deg:3:1	8	Est-1	6644	1.75443125
23-Nov-2017	6.W.C.4.a	16deg	3	5	16deg:3:5	10	Est-1:acd6-null	8782	2.318996875
23-Nov-2017	6.W.C.4.a	16deg	3	6	16deg:3:6	8	Est-1	12744	3.3652125
23-Nov-2017	6.W.C.4.a	16deg	3	12	16deg:3:12	9	Est-1:acd6-null	11843	3.127292188
23-Nov-2017	6.W.C.4.a	16deg	3	25	16deg:3:25	8	Est-1	9500	2.50859375
23-Nov-2017	6.W.C.4.a	16deg	3	28	16deg:3:28	8	Est-1	3168	0.83655
23-Nov-2017	6.W.C.4.a	16deg	3	29	16deg:3:29	10	Est-1:acd6-null	12106	3.196740625
24-Nov-2017	6.W.C.4.a	16deg	3	1	16deg:3:1	8	Est-1	7932	2.09454375
24-Nov-2017	6.W.C.4.a	16deg	3	5	16deg:3:5	10	Est-1:acd6-null	10749	2.838407813
24-Nov-2017	6.W.C.4.a	16deg	3	6	16deg:3:6	8	Est-1	13998	3.696346875
24-Nov-2017	6.W.C.4.a	16deg	3	12	16deg:3:12	9	Est-1:acd6-null	12104	3.1962125
24-Nov-2017	6.W.C.4.a	16deg	3	25	16deg:3:25	8	Est-1	12242	3.232653125
24-Nov-2017	6.W.C.4.a	16deg	3	28	16deg:3:28	8	Est-1	3419	0.902829688
24-Nov-2017	6.W.C.4.a	16deg	3	29	16deg:3:29	10	Est-1:acd6-null	15330	4.048078125
25-Nov-2017	6.W.C.4.a	16deg	3	1	16deg:3:1	8	Est-1	9873	2.607089063
25-Nov-2017	6.W.C.4.a	16deg	3	5	16deg:3:5	10	Est-1:acd6-null	12561	3.316889063
25-Nov-2017	6.W.C.4.a	16deg	3	6	16deg:3:6	8	Est-1	15750	4.158984375
25-Nov-2017	6.W.C.4.a	16deg	3	12	16deg:3:12	9	Est-1:acd6-null	14536	3.8384125
25-Nov-2017	6.W.C.4.a	16deg	3	25	16deg:3:25	8	Est-1	15365	4.057320313
25-Nov-2017	6.W.C.4.a	16deg	3	28	16deg:3:28	8	Est-1	3720	0.9823125
25-Nov-2017	6.W.C.4.a	16deg	3	29	16deg:3:29	10	Est-1:acd6-null	19776	5.2221
26-Nov-2017	6.W.C.4.a	16deg	3	1	16deg:3:1	8	Est-1	10989	2.901782813
26-Nov-2017	6.W.C.4.a	16deg	3	5	16deg:3:5	10	Est-1:acd6-null	14480	3.823625
26-Nov-2017	6.W.C.4.a	16deg	3	6	16deg:3:6	8	Est-1	16165	4.268570313
26-Nov-2017	6.W.C.4.a	16deg	3	12	16deg:3:12	9	Est-1:acd6-null	17813	4.703745313
26-Nov-2017	6.W.C.4.a	16deg	3	25	16deg:3:25	8	Est-1	18478	4.879346875
26-Nov-2017	6.W.C.4.a	16deg	3	28	16deg:3:28	8	Est-1	4191	1.106685938
26-Nov-2017	6.W.C.4.a	16deg	3	29	16deg:3:29	10	Est-1:acd6-null	24046	6.349646875
14-Nov-2017	6.W.C.4.b	16deg	4	6	16deg:4:6	8	Est-1	2051	0.541592188
14-Nov-2017	6.W.C.4.b	16deg	4	10	16deg:4:10	9	Est-1:acd6-null	3179	0.839454688
14-Nov-2017	6.W.C.4.b	16deg	4	17	16deg:4:17	8	Est-1	1524	0.40243125
14-Nov-2017	6.W.C.4.b	16deg	4	19	16deg:4:19	9	Est-1:acd6-null	2998	0.791659375
14-Nov-2017	6.W.C.4.b	16deg	4	25	16deg:4:25	10	Est-1:acd6-null	2645	0.698445313
15-Nov-2017	6.W.C.4.b	16deg	4	6	16deg:4:6	8	Est-1	2151	0.567998438
15-Nov-2017	6.W.C.4.b	16deg	4	10	16deg:4:10	9	Est-1:acd6-null	3815	1.007398438
15-Nov-2017	6.W.C.4.b	16deg	4	17	16deg:4:17	8	Est-1	1889	0.498814063
15-Nov-2017	6.W.C.4.b	16deg	4	19	16deg:4:19	9	Est-1:acd6-null	3400	0.8978125
15-Nov-2017	6.W.C.4.b	16deg	4	25	16deg:4:25	10	Est-1:acd6-null	3010	0.794828125
16-Nov-2017	6.W.C.4.b	16deg	4	6	16deg:4:6	8	Est-1	2328	0.6147375
16-Nov-2017	6.W.C.4.b	16deg	4	10	16deg:4:10	9	Est-1:acd6-null	4188	1.10589375
16-Nov-2017	6.W.C.4.b	16deg	4	17	16deg:4:17	8	Est-1	2244	0.59255625
16-Nov-2017	6.W.C.4.b	16deg	4	19	16deg:4:19	9	Est-1:acd6-null	3666	0.968053125
16-Nov-2017	6.W.C.4.b	16deg	4	25	16deg:4:25	10	Est-1:acd6-null	3512	0.9273875
17-Nov-2017	6.W.C.4.b	16deg	4	6	16deg:4:6	8	Est-1	2620	0.69184375
17-Nov-2017	6.W.C.4.b	16deg	4	10	16deg:4:10	9	Est-1:acd6-null	4944	1.305525
17-Nov-2017	6.W.C.4.b	16deg	4	17	16deg:4:17	8	Est-1	2919	0.770798438
17-Nov-2017	6.W.C.4.b	16deg	4	19	16deg:4:19	9	Est-1:acd6-null	4291	1.133092188
17-Nov-2017	6.W.C.4.b	16deg	4	25	16deg:4:25	10	Est-1:acd6-null	4397	1.161082813
18-Nov-2017	6.W.C.4.b	16deg	4	6	16deg:4:6	8	Est-1	3299	0.871142188
18-Nov-2017	6.W.C.4.b	16deg	4	10	16deg:4:10	9	Est-1:acd6-null	6542	1.727496875
18-Nov-2017	6.W.C.4.b	16deg	4	17	16deg:4:17	8	Est-1	3830	1.011359375
18-Nov-2017	6.W.C.4.b	16deg	4	19	16deg:4:19	9	Est-1:acd6-null	5672	1.4977625
18-Nov-2017	6.W.C.4.b	16deg	4	25	16deg:4:25	10	Est-1:acd6-null	5473	1.445214063
19-Nov-2017	6.W.C.4.b	16deg	4	6	16deg:4:6	8	Est-1	3526	0.931084375
19-Nov-2017	6.W.C.4.b	16deg	4	10	16deg:4:10	9	Est-1:acd6-null	7862	2.076059375
19-Nov-2017	6.W.C.4.b	16deg	4	17	16deg:4:17	8	Est-1	4742	1.252184375
19-Nov-2017	6.W.C.4.b	16deg	4	19	16deg:4:19	9	Est-1:acd6-null	6819	1.800642188
19-Nov-2017	6.W.C.4.b	16deg	4	25	16deg:4:25	10	Est-1:acd6-null	7341	1.938482813
20-Nov-2017	6.W.C.4.b	16deg	4	6	16deg:4:6	8	Est-1	3868	1.02139375
20-Nov-2017	6.W.C.4.b	16deg	4	10	16deg:4:10	9	Est-1:acd6-null	9123	2.409042188
20-Nov-2017	6.W.C.4.b	16deg	4	17	16deg:4:17	8	Est-1	5682	1.500403125
20-Nov-2017	6.W.C.4.b	16deg	4	19	16deg:4:19	9	Est-1:acd6-null	8386	2.214428125
20-Nov-2017	6.W.C.4.b	16deg	4	25	16deg:4:25	10	Est-1:acd6-null	9489	2.505689063
21-Nov-2017	6.W.C.4.b	16deg	4	6	16deg:4:6	8	Est-1	4335	1.144710938
21-Nov-2017	6.W.C.4.b	16deg	4	10	16deg:4:10	9	Est-1:acd6-null	11509	3.039095313
21-Nov-2017	6.W.C.4.b	16deg	4	17	16deg:4:17	8	Est-1	7537	1.990239063
21-Nov-2017	6.W.C.4.b	16deg	4	19	16deg:4:19	9	Est-1:acd6-null	10824	2.8582125
21-Nov-2017	6.W.C.4.b	16deg	4	25	16deg:4:25	10	Est-1:acd6-null	12400	3.274375
22-Nov-2017	6.W.C.4.b	16deg	4	6	16deg:4:6	8	Est-1	4959	1.309485938
22-Nov-2017	6.W.C.4.b	16deg	4	10	16deg:4:10	9	Est-1:acd6-null	13415	3.542398438
22-Nov-2017	6.W.C.4.b	16deg	4	17	16deg:4:17	8	Est-1	9414	2.485884375
22-Nov-2017	6.W.C.4.b	16deg	4	19	16deg:4:19	9	Est-1:acd6-null	12454	3.288634375
22-Nov-2017	6.W.C.4.b	16deg	4	25	16deg:4:25	10	Est-1:acd6-null	13231	3.493810938
23-Nov-2017	6.W.C.4.b	16deg	4	6	16deg:4:6	8	Est-1	5522	1.458153125
23-Nov-2017	6.W.C.4.b	16deg	4	10	16deg:4:10	9	Est-1:acd6-null	17352	4.5820125
23-Nov-2017	6.W.C.4.b	16deg	4	17	16deg:4:17	8	Est-1	12205	3.222882813
23-Nov-2017	6.W.C.4.b	16deg	4	19	16deg:4:19	9	Est-1:acd6-null	17554	4.635353125
23-Nov-2017	6.W.C.4.b	16deg	4	25	16deg:4:25	10	Est-1:acd6-null	16276	4.29788125
24-Nov-2017	6.W.C.4.b	16deg	4	6	16deg:4:6	8	Est-1	6366	1.681021875
24-Nov-2017	6.W.C.4.b	16deg	4	10	16deg:4:10	9	Est-1:acd6-null	19554	5.163478125
24-Nov-2017	6.W.C.4.b	16deg	4	17	16deg:4:17	8	Est-1	14754	3.895978125
24-Nov-2017	6.W.C.4.b	16deg	4	19	16deg:4:19	9	Est-1:acd6-null	16340	4.31478125
24-Nov-2017	6.W.C.4.b	16deg	4	25	16deg:4:25	10	Est-1:acd6-null	18338	4.842378125
25-Nov-2017	6.W.C.4.b	16deg	4	6	16deg:4:6	8	Est-1	6843	1.806979688
25-Nov-2017	6.W.C.4.b	16deg	4	10	16deg:4:10	9	Est-1:acd6-null	21908	5.78508125
25-Nov-2017	6.W.C.4.b	16deg	4	17	16deg:4:17	8	Est-1	17025	4.495664063
25-Nov-2017	6.W.C.4.b	16deg	4	19	16deg:4:19	9	Est-1:acd6-null	20292	5.35835625
25-Nov-2017	6.W.C.4.b	16deg	4	25	16deg:4:25	10	Est-1:acd6-null	25168	6.645925
26-Nov-2017	6.W.C.4.b	16deg	4	6	16deg:4:6	8	Est-1	8541	2.255357813
26-Nov-2017	6.W.C.4.b	16deg	4	10	16deg:4:10	9	Est-1:acd6-null	25937	6.848989063
26-Nov-2017	6.W.C.4.b	16deg	4	17	16deg:4:17	8	Est-1	16569	4.375251563
26-Nov-2017	6.W.C.4.b	16deg	4	19	16deg:4:19	9	Est-1:acd6-null	20067	5.298942188
26-Nov-2017	6.W.C.4.b	16deg	4	25	16deg:4:25	10	Est-1:acd6-null	29922	7.901278125
14-Nov-2017	6.W.C.4.c	16deg	1	4	16deg:1:4	10	Est-1:acd6-null	1932	0.51016875
14-Nov-2017	6.W.C.4.c	16deg	1	17	16deg:1:17	8	Est-1	2245	0.592820313
14-Nov-2017	6.W.C.4.c	16deg	1	26	16deg:1:26	9	Est-1:acd6-null	1878	0.495909375
14-Nov-2017	6.W.C.4.c	16deg	1	28	16deg:1:28	9	Est-1:acd6-null	1015	0.268023438
14-Nov-2017	6.W.C.4.c	16deg	1	29	16deg:1:29	8	Est-1	1529	0.403751563
15-Nov-2017	6.W.C.4.c	16deg	1	4	16deg:1:4	10	Est-1:acd6-null	2443	0.645104688
15-Nov-2017	6.W.C.4.c	16deg	1	17	16deg:1:17	8	Est-1	2488	0.6569875
15-Nov-2017	6.W.C.4.c	16deg	1	26	16deg:1:26	9	Est-1:acd6-null	2282	0.602590625
15-Nov-2017	6.W.C.4.c	16deg	1	28	16deg:1:28	9	Est-1:acd6-null	1159	0.306048438
15-Nov-2017	6.W.C.4.c	16deg	1	29	16deg:1:29	8	Est-1	1924	0.50805625
16-Nov-2017	6.W.C.4.c	16deg	1	4	16deg:1:4	10	Est-1:acd6-null	2664	0.7034625
16-Nov-2017	6.W.C.4.c	16deg	1	17	16deg:1:17	8	Est-1	3096	0.8175375
16-Nov-2017	6.W.C.4.c	16deg	1	26	16deg:1:26	9	Est-1:acd6-null	2816	0.7436
16-Nov-2017	6.W.C.4.c	16deg	1	28	16deg:1:28	9	Est-1:acd6-null	1279	0.337735938
16-Nov-2017	6.W.C.4.c	16deg	1	29	16deg:1:29	8	Est-1	2077	0.548457813
17-Nov-2017	6.W.C.4.c	16deg	1	4	16deg:1:4	10	Est-1:acd6-null	3418	0.902565625
17-Nov-2017	6.W.C.4.c	16deg	1	17	16deg:1:17	8	Est-1	3816	1.0076625
17-Nov-2017	6.W.C.4.c	16deg	1	26	16deg:1:26	9	Est-1:acd6-null	3495	0.922898438
17-Nov-2017	6.W.C.4.c	16deg	1	28	16deg:1:28	9	Est-1:acd6-null	1499	0.395829688
17-Nov-2017	6.W.C.4.c	16deg	1	29	16deg:1:29	8	Est-1	2600	0.6865625
18-Nov-2017	6.W.C.4.c	16deg	1	4	16deg:1:4	10	Est-1:acd6-null	4156	1.09744375
18-Nov-2017	6.W.C.4.c	16deg	1	17	16deg:1:17	8	Est-1	4383	1.157385938
18-Nov-2017	6.W.C.4.c	16deg	1	26	16deg:1:26	9	Est-1:acd6-null	4347	1.147879688
18-Nov-2017	6.W.C.4.c	16deg	1	28	16deg:1:28	9	Est-1:acd6-null	1703	0.449698438
18-Nov-2017	6.W.C.4.c	16deg	1	29	16deg:1:29	8	Est-1	3081	0.813576563
19-Nov-2017	6.W.C.4.c	16deg	1	4	16deg:1:4	10	Est-1:acd6-null	5186	1.369428125
19-Nov-2017	6.W.C.4.c	16deg	1	17	16deg:1:17	8	Est-1	4930	1.301828125
19-Nov-2017	6.W.C.4.c	16deg	1	26	16deg:1:26	9	Est-1:acd6-null	5082	1.341965625
19-Nov-2017	6.W.C.4.c	16deg	1	28	16deg:1:28	9	Est-1:acd6-null	2115	0.558492188
19-Nov-2017	6.W.C.4.c	16deg	1	29	16deg:1:29	8	Est-1	4218	1.113815625
20-Nov-2017	6.W.C.4.c	16deg	1	4	16deg:1:4	10	Est-1:acd6-null	6695	1.767898438
20-Nov-2017	6.W.C.4.c	16deg	1	17	16deg:1:17	8	Est-1	5052	1.33404375
20-Nov-2017	6.W.C.4.c	16deg	1	26	16deg:1:26	9	Est-1:acd6-null	6124	1.61711875
20-Nov-2017	6.W.C.4.c	16deg	1	28	16deg:1:28	9	Est-1:acd6-null	2432	0.6422
20-Nov-2017	6.W.C.4.c	16deg	1	29	16deg:1:29	8	Est-1	5013	1.323745313
21-Nov-2017	6.W.C.4.c	16deg	1	4	16deg:1:4	10	Est-1:acd6-null	7652	2.02060625
21-Nov-2017	6.W.C.4.c	16deg	1	17	16deg:1:17	8	Est-1	5113	1.350151563
21-Nov-2017	6.W.C.4.c	16deg	1	26	16deg:1:26	9	Est-1:acd6-null	7009	1.850814063
21-Nov-2017	6.W.C.4.c	16deg	1	28	16deg:1:28	9	Est-1:acd6-null	3341	0.882232813
21-Nov-2017	6.W.C.4.c	16deg	1	29	16deg:1:29	8	Est-1	5716	1.50938125
22-Nov-2017	6.W.C.4.c	16deg	1	4	16deg:1:4	10	Est-1:acd6-null	10570	2.791140625
22-Nov-2017	6.W.C.4.c	16deg	1	17	16deg:1:17	8	Est-1	5502	1.452871875
22-Nov-2017	6.W.C.4.c	16deg	1	26	16deg:1:26	9	Est-1:acd6-null	8343	2.203073438
22-Nov-2017	6.W.C.4.c	16deg	1	28	16deg:1:28	9	Est-1:acd6-null	4068	1.07420625
22-Nov-2017	6.W.C.4.c	16deg	1	29	16deg:1:29	8	Est-1	7783	2.055198438
23-Nov-2017	6.W.C.4.c	16deg	1	4	16deg:1:4	10	Est-1:acd6-null	11682	3.084778125
23-Nov-2017	6.W.C.4.c	16deg	1	17	16deg:1:17	8	Est-1	5585	1.474789063
23-Nov-2017	6.W.C.4.c	16deg	1	26	16deg:1:26	9	Est-1:acd6-null	10156	2.68181875
23-Nov-2017	6.W.C.4.c	16deg	1	28	16deg:1:28	9	Est-1:acd6-null	4660	1.23053125
23-Nov-2017	6.W.C.4.c	16deg	1	29	16deg:1:29	8	Est-1	10099	2.666767188
24-Nov-2017	6.W.C.4.c	16deg	1	4	16deg:1:4	10	Est-1:acd6-null	14361	3.792201563
24-Nov-2017	6.W.C.4.c	16deg	1	17	16deg:1:17	8	Est-1	6119	1.615798438
24-Nov-2017	6.W.C.4.c	16deg	1	26	16deg:1:26	9	Est-1:acd6-null	12399	3.274110938
24-Nov-2017	6.W.C.4.c	16deg	1	28	16deg:1:28	9	Est-1:acd6-null	6319	1.668610938
24-Nov-2017	6.W.C.4.c	16deg	1	29	16deg:1:29	8	Est-1	12610	3.329828125
25-Nov-2017	6.W.C.4.c	16deg	1	4	16deg:1:4	10	Est-1:acd6-null	18528	4.89255
25-Nov-2017	6.W.C.4.c	16deg	1	17	16deg:1:17	8	Est-1	5602	1.479278125
25-Nov-2017	6.W.C.4.c	16deg	1	26	16deg:1:26	9	Est-1:acd6-null	16077	4.245332813
25-Nov-2017	6.W.C.4.c	16deg	1	28	16deg:1:28	9	Est-1:acd6-null	8164	2.15580625
25-Nov-2017	6.W.C.4.c	16deg	1	29	16deg:1:29	8	Est-1	13479	3.559298438
26-Nov-2017	6.W.C.4.c	16deg	1	4	16deg:1:4	10	Est-1:acd6-null	21776	5.750225
26-Nov-2017	6.W.C.4.c	16deg	1	17	16deg:1:17	8	Est-1	5478	1.446534375
26-Nov-2017	6.W.C.4.c	16deg	1	26	16deg:1:26	9	Est-1:acd6-null	20055	5.295773438
26-Nov-2017	6.W.C.4.c	16deg	1	28	16deg:1:28	9	Est-1:acd6-null	10265	2.710601563
26-Nov-2017	6.W.C.4.c	16deg	1	29	16deg:1:29	8	Est-1	14405	3.803820313
14-Nov-2017	6.P.C.4.a	16deg	6	3	16deg:6:3	8	Est-1	1497	0.395301563
14-Nov-2017	6.P.C.4.a	16deg	6	8	16deg:6:8	9	Est-1:acd6-null	1902	0.502246875
14-Nov-2017	6.P.C.4.a	16deg	6	11	16deg:6:11	8	Est-1	1144	0.3020875
14-Nov-2017	6.P.C.4.a	16deg	6	21	16deg:6:21	10	Est-1:acd6-null	788	0.20808125
14-Nov-2017	6.P.C.4.a	16deg	6	23	16deg:6:23	10	Est-1:acd6-null	2290	0.604703125
14-Nov-2017	6.P.C.4.a	16deg	6	26	16deg:6:26	8	Est-1	1634	0.431478125
14-Nov-2017	6.P.C.4.a	16deg	6	28	16deg:6:28	9	Est-1:acd6-null	2105	0.555851563
15-Nov-2017	6.P.C.4.a	16deg	6	3	16deg:6:3	8	Est-1	1847	0.487723438
15-Nov-2017	6.P.C.4.a	16deg	6	8	16deg:6:8	9	Est-1:acd6-null	2234	0.589915625
15-Nov-2017	6.P.C.4.a	16deg	6	11	16deg:6:11	8	Est-1	1310	0.345921875
15-Nov-2017	6.P.C.4.a	16deg	6	21	16deg:6:21	10	Est-1:acd6-null	820	0.21653125
15-Nov-2017	6.P.C.4.a	16deg	6	23	16deg:6:23	10	Est-1:acd6-null	2632	0.6950125
15-Nov-2017	6.P.C.4.a	16deg	6	26	16deg:6:26	8	Est-1	2024	0.5344625
15-Nov-2017	6.P.C.4.a	16deg	6	28	16deg:6:28	9	Est-1:acd6-null	2224	0.587275
16-Nov-2017	6.P.C.4.a	16deg	6	3	16deg:6:3	8	Est-1	2014	0.531821875
16-Nov-2017	6.P.C.4.a	16deg	6	8	16deg:6:8	9	Est-1:acd6-null	2612	0.68973125
16-Nov-2017	6.P.C.4.a	16deg	6	11	16deg:6:11	8	Est-1	1475	0.389492188
16-Nov-2017	6.P.C.4.a	16deg	6	21	16deg:6:21	10	Est-1:acd6-null	921	0.243201563
16-Nov-2017	6.P.C.4.a	16deg	6	23	16deg:6:23	10	Est-1:acd6-null	3419	0.902829688
16-Nov-2017	6.P.C.4.a	16deg	6	26	16deg:6:26	8	Est-1	2430	0.641671875
16-Nov-2017	6.P.C.4.a	16deg	6	28	16deg:6:28	9	Est-1:acd6-null	2536	0.6696625
17-Nov-2017	6.P.C.4.a	16deg	6	3	16deg:6:3	8	Est-1	2475	0.653554688
17-Nov-2017	6.P.C.4.a	16deg	6	8	16deg:6:8	9	Est-1:acd6-null	3316	0.87563125
17-Nov-2017	6.P.C.4.a	16deg	6	11	16deg:6:11	8	Est-1	1983	0.523635938
17-Nov-2017	6.P.C.4.a	16deg	6	21	16deg:6:21	10	Est-1:acd6-null	1056	0.27885
17-Nov-2017	6.P.C.4.a	16deg	6	23	16deg:6:23	10	Est-1:acd6-null	3921	1.035389063
17-Nov-2017	6.P.C.4.a	16deg	6	26	16deg:6:26	8	Est-1	3308	0.87351875
17-Nov-2017	6.P.C.4.a	16deg	6	28	16deg:6:28	9	Est-1:acd6-null	3031	0.800373438
18-Nov-2017	6.P.C.4.a	16deg	6	3	16deg:6:3	8	Est-1	3488	0.92105
18-Nov-2017	6.P.C.4.a	16deg	6	8	16deg:6:8	9	Est-1:acd6-null	4490	1.185640625
18-Nov-2017	6.P.C.4.a	16deg	6	11	16deg:6:11	8	Est-1	2927	0.772910938
18-Nov-2017	6.P.C.4.a	16deg	6	21	16deg:6:21	10	Est-1:acd6-null	1340	0.35384375
18-Nov-2017	6.P.C.4.a	16deg	6	23	16deg:6:23	10	Est-1:acd6-null	4505	1.189601563
18-Nov-2017	6.P.C.4.a	16deg	6	26	16deg:6:26	8	Est-1	3547	0.936629688
18-Nov-2017	6.P.C.4.a	16deg	6	28	16deg:6:28	9	Est-1:acd6-null	3690	0.974390625
19-Nov-2017	6.P.C.4.a	16deg	6	3	16deg:6:3	8	Est-1	4727	1.248223438
19-Nov-2017	6.P.C.4.a	16deg	6	8	16deg:6:8	9	Est-1:acd6-null	5592	1.4766375
19-Nov-2017	6.P.C.4.a	16deg	6	11	16deg:6:11	8	Est-1	4179	1.103517188
19-Nov-2017	6.P.C.4.a	16deg	6	21	16deg:6:21	10	Est-1:acd6-null	1241	0.327701563
19-Nov-2017	6.P.C.4.a	16deg	6	23	16deg:6:23	10	Est-1:acd6-null	4979	1.314767188
19-Nov-2017	6.P.C.4.a	16deg	6	26	16deg:6:26	8	Est-1	4311	1.138373438
19-Nov-2017	6.P.C.4.a	16deg	6	28	16deg:6:28	9	Est-1:acd6-null	4727	1.248223438
20-Nov-2017	6.P.C.4.a	16deg	6	3	16deg:6:3	8	Est-1	6192	1.635075
20-Nov-2017	6.P.C.4.a	16deg	6	8	16deg:6:8	9	Est-1:acd6-null	6671	1.761560938
20-Nov-2017	6.P.C.4.a	16deg	6	11	16deg:6:11	8	Est-1	5118	1.351471875
20-Nov-2017	6.P.C.4.a	16deg	6	21	16deg:6:21	10	Est-1:acd6-null	1723	0.454979688
20-Nov-2017	6.P.C.4.a	16deg	6	23	16deg:6:23	10	Est-1:acd6-null	5250	1.386328125
20-Nov-2017	6.P.C.4.a	16deg	6	26	16deg:6:26	8	Est-1	4617	1.219176563
20-Nov-2017	6.P.C.4.a	16deg	6	28	16deg:6:28	9	Est-1:acd6-null	5743	1.516510938
21-Nov-2017	6.P.C.4.a	16deg	6	3	16deg:6:3	8	Est-1	7402	1.954590625
21-Nov-2017	6.P.C.4.a	16deg	6	8	16deg:6:8	9	Est-1:acd6-null	8400	2.218125
21-Nov-2017	6.P.C.4.a	16deg	6	11	16deg:6:11	8	Est-1	5397	1.425145313
21-Nov-2017	6.P.C.4.a	16deg	6	21	16deg:6:21	10	Est-1:acd6-null	2072	0.5471375
21-Nov-2017	6.P.C.4.a	16deg	6	23	16deg:6:23	10	Est-1:acd6-null	6732	1.77766875
21-Nov-2017	6.P.C.4.a	16deg	6	26	16deg:6:26	8	Est-1	5231	1.381310938
21-Nov-2017	6.P.C.4.a	16deg	6	28	16deg:6:28	9	Est-1:acd6-null	6585	1.738851563
22-Nov-2017	6.P.C.4.a	16deg	6	3	16deg:6:3	8	Est-1	9540	2.51915625
22-Nov-2017	6.P.C.4.a	16deg	6	8	16deg:6:8	9	Est-1:acd6-null	10584	2.7948375
22-Nov-2017	6.P.C.4.a	16deg	6	11	16deg:6:11	8	Est-1	6104	1.6118375
22-Nov-2017	6.P.C.4.a	16deg	6	21	16deg:6:21	10	Est-1:acd6-null	2711	0.715873438
22-Nov-2017	6.P.C.4.a	16deg	6	23	16deg:6:23	10	Est-1:acd6-null	7520	1.98575
22-Nov-2017	6.P.C.4.a	16deg	6	26	16deg:6:26	8	Est-1	5291	1.397154688
22-Nov-2017	6.P.C.4.a	16deg	6	28	16deg:6:28	9	Est-1:acd6-null	8386	2.214428125
23-Nov-2017	6.P.C.4.a	16deg	6	3	16deg:6:3	8	Est-1	10777	2.845801563
23-Nov-2017	6.P.C.4.a	16deg	6	8	16deg:6:8	9	Est-1:acd6-null	13082	3.454465625
23-Nov-2017	6.P.C.4.a	16deg	6	11	16deg:6:11	8	Est-1	6371	1.682342188
23-Nov-2017	6.P.C.4.a	16deg	6	21	16deg:6:21	10	Est-1:acd6-null	3608	0.9527375
23-Nov-2017	6.P.C.4.a	16deg	6	23	16deg:6:23	10	Est-1:acd6-null	8059	2.128079688
23-Nov-2017	6.P.C.4.a	16deg	6	26	16deg:6:26	8	Est-1	5507	1.454192188
23-Nov-2017	6.P.C.4.a	16deg	6	28	16deg:6:28	9	Est-1:acd6-null	10159	2.682610938
24-Nov-2017	6.P.C.4.a	16deg	6	3	16deg:6:3	8	Est-1	11346	2.996053125
24-Nov-2017	6.P.C.4.a	16deg	6	8	16deg:6:8	9	Est-1:acd6-null	16160	4.26725
24-Nov-2017	6.P.C.4.a	16deg	6	11	16deg:6:11	8	Est-1	6985	1.844476563
24-Nov-2017	6.P.C.4.a	16deg	6	21	16deg:6:21	10	Est-1:acd6-null	4344	1.1470875
24-Nov-2017	6.P.C.4.a	16deg	6	23	16deg:6:23	10	Est-1:acd6-null	9692	2.55929375
24-Nov-2017	6.P.C.4.a	16deg	6	26	16deg:6:26	8	Est-1	6579	1.737267188
24-Nov-2017	6.P.C.4.a	16deg	6	28	16deg:6:28	9	Est-1:acd6-null	12901	3.406670313
25-Nov-2017	6.P.C.4.a	16deg	6	3	16deg:6:3	8	Est-1	13288	3.5088625
25-Nov-2017	6.P.C.4.a	16deg	6	8	16deg:6:8	9	Est-1:acd6-null	18842	4.975465625
25-Nov-2017	6.P.C.4.a	16deg	6	11	16deg:6:11	8	Est-1	8151	2.152373438
25-Nov-2017	6.P.C.4.a	16deg	6	21	16deg:6:21	10	Est-1:acd6-null	5395	1.424617188
25-Nov-2017	6.P.C.4.a	16deg	6	23	16deg:6:23	10	Est-1:acd6-null	12261	3.237670313
25-Nov-2017	6.P.C.4.a	16deg	6	26	16deg:6:26	8	Est-1	6572	1.73541875
25-Nov-2017	6.P.C.4.a	16deg	6	28	16deg:6:28	9	Est-1:acd6-null	15773	4.165057813
26-Nov-2017	6.P.C.4.a	16deg	6	3	16deg:6:3	8	Est-1	15641	4.130201563
26-Nov-2017	6.P.C.4.a	16deg	6	8	16deg:6:8	9	Est-1:acd6-null	22584	5.9635875
26-Nov-2017	6.P.C.4.a	16deg	6	11	16deg:6:11	8	Est-1	9978	2.634815625
26-Nov-2017	6.P.C.4.a	16deg	6	21	16deg:6:21	10	Est-1:acd6-null	6799	1.795360938
26-Nov-2017	6.P.C.4.a	16deg	6	23	16deg:6:23	10	Est-1:acd6-null	14038	3.706909375
26-Nov-2017	6.P.C.4.a	16deg	6	26	16deg:6:26	8	Est-1	6168	1.6287375
26-Nov-2017	6.P.C.4.a	16deg	6	28	16deg:6:28	9	Est-1:acd6-null	18823	4.970448438
14-Nov-2017	6.P.C.4.b	16deg	5	3	16deg:5:3	9	Est-1:acd6-null	1913	0.505151563
14-Nov-2017	6.P.C.4.b	16deg	5	6	16deg:5:6	8	Est-1	2213	0.584370313
14-Nov-2017	6.P.C.4.b	16deg	5	12	16deg:5:12	8	Est-1	1213	0.320307813
14-Nov-2017	6.P.C.4.b	16deg	5	17	16deg:5:17	10	Est-1:acd6-null	2207	0.582785938
14-Nov-2017	6.P.C.4.b	16deg	5	28	16deg:5:28	8	Est-1	1618	0.427253125
15-Nov-2017	6.P.C.4.b	16deg	5	3	16deg:5:3	9	Est-1:acd6-null	2667	0.704254688
15-Nov-2017	6.P.C.4.b	16deg	5	6	16deg:5:6	8	Est-1	2881	0.760764063
15-Nov-2017	6.P.C.4.b	16deg	5	12	16deg:5:12	8	Est-1	1481	0.391076563
15-Nov-2017	6.P.C.4.b	16deg	5	17	16deg:5:17	10	Est-1:acd6-null	3023	0.798260938
15-Nov-2017	6.P.C.4.b	16deg	5	28	16deg:5:28	8	Est-1	1844	0.48693125
16-Nov-2017	6.P.C.4.b	16deg	5	3	16deg:5:3	9	Est-1:acd6-null	2863	0.756010938
16-Nov-2017	6.P.C.4.b	16deg	5	6	16deg:5:6	8	Est-1	3625	0.957226563
16-Nov-2017	6.P.C.4.b	16deg	5	12	16deg:5:12	8	Est-1	2087	0.551098438
16-Nov-2017	6.P.C.4.b	16deg	5	17	16deg:5:17	10	Est-1:acd6-null	3970	1.048328125
16-Nov-2017	6.P.C.4.b	16deg	5	28	16deg:5:28	8	Est-1	2245	0.592820313
17-Nov-2017	6.P.C.4.b	16deg	5	3	16deg:5:3	9	Est-1:acd6-null	3710	0.979671875
17-Nov-2017	6.P.C.4.b	16deg	5	6	16deg:5:6	8	Est-1	4340	1.14603125
17-Nov-2017	6.P.C.4.b	16deg	5	12	16deg:5:12	8	Est-1	2385	0.629789063
17-Nov-2017	6.P.C.4.b	16deg	5	17	16deg:5:17	10	Est-1:acd6-null	4090	1.080015625
17-Nov-2017	6.P.C.4.b	16deg	5	28	16deg:5:28	8	Est-1	2970	0.784265625
18-Nov-2017	6.P.C.4.b	16deg	5	3	16deg:5:3	9	Est-1:acd6-null	4411	1.164779688
18-Nov-2017	6.P.C.4.b	16deg	5	6	16deg:5:6	8	Est-1	4823	1.273573438
18-Nov-2017	6.P.C.4.b	16deg	5	12	16deg:5:12	8	Est-1	2538	0.670190625
18-Nov-2017	6.P.C.4.b	16deg	5	17	16deg:5:17	10	Est-1:acd6-null	4189	1.106157813
18-Nov-2017	6.P.C.4.b	16deg	5	28	16deg:5:28	8	Est-1	3945	1.041726563
19-Nov-2017	6.P.C.4.b	16deg	5	3	16deg:5:3	9	Est-1:acd6-null	5885	1.554007813
19-Nov-2017	6.P.C.4.b	16deg	5	6	16deg:5:6	8	Est-1	6027	1.591504688
19-Nov-2017	6.P.C.4.b	16deg	5	12	16deg:5:12	8	Est-1	2886	0.762084375
19-Nov-2017	6.P.C.4.b	16deg	5	17	16deg:5:17	10	Est-1:acd6-null	4318	1.140221875
19-Nov-2017	6.P.C.4.b	16deg	5	28	16deg:5:28	8	Est-1	3891	1.027467188
20-Nov-2017	6.P.C.4.b	16deg	5	3	16deg:5:3	9	Est-1:acd6-null	7366	1.945084375
20-Nov-2017	6.P.C.4.b	16deg	5	6	16deg:5:6	8	Est-1	5869	1.549782813
20-Nov-2017	6.P.C.4.b	16deg	5	12	16deg:5:12	8	Est-1	3300	0.87140625
20-Nov-2017	6.P.C.4.b	16deg	5	17	16deg:5:17	10	Est-1:acd6-null	5227	1.380254688
20-Nov-2017	6.P.C.4.b	16deg	5	28	16deg:5:28	8	Est-1	4403	1.162667188
21-Nov-2017	6.P.C.4.b	16deg	5	3	16deg:5:3	9	Est-1:acd6-null	9760	2.57725
21-Nov-2017	6.P.C.4.b	16deg	5	6	16deg:5:6	8	Est-1	6392	1.6878875
21-Nov-2017	6.P.C.4.b	16deg	5	12	16deg:5:12	8	Est-1	4218	1.113815625
21-Nov-2017	6.P.C.4.b	16deg	5	17	16deg:5:17	10	Est-1:acd6-null	6088	1.6076125
21-Nov-2017	6.P.C.4.b	16deg	5	28	16deg:5:28	8	Est-1	5127	1.353848438
22-Nov-2017	6.P.C.4.b	16deg	5	3	16deg:5:3	9	Est-1:acd6-null	11824	3.122275
22-Nov-2017	6.P.C.4.b	16deg	5	6	16deg:5:6	8	Est-1	7382	1.949309375
22-Nov-2017	6.P.C.4.b	16deg	5	12	16deg:5:12	8	Est-1	5101	1.346982813
22-Nov-2017	6.P.C.4.b	16deg	5	17	16deg:5:17	10	Est-1:acd6-null	7206	1.902834375
22-Nov-2017	6.P.C.4.b	16deg	5	28	16deg:5:28	8	Est-1	5422	1.431746875
23-Nov-2017	6.P.C.4.b	16deg	5	3	16deg:5:3	9	Est-1:acd6-null	14509	3.831282813
23-Nov-2017	6.P.C.4.b	16deg	5	6	16deg:5:6	8	Est-1	8946	2.362303125
23-Nov-2017	6.P.C.4.b	16deg	5	12	16deg:5:12	8	Est-1	6416	1.694225
23-Nov-2017	6.P.C.4.b	16deg	5	17	16deg:5:17	10	Est-1:acd6-null	8488	2.2413625
23-Nov-2017	6.P.C.4.b	16deg	5	28	16deg:5:28	8	Est-1	5907	1.559817188
24-Nov-2017	6.P.C.4.b	16deg	5	3	16deg:5:3	9	Est-1:acd6-null	15875	4.191992188
24-Nov-2017	6.P.C.4.b	16deg	5	6	16deg:5:6	8	Est-1	10661	2.815170313
24-Nov-2017	6.P.C.4.b	16deg	5	12	16deg:5:12	8	Est-1	6438	1.700034375
24-Nov-2017	6.P.C.4.b	16deg	5	17	16deg:5:17	10	Est-1:acd6-null	11143	2.942448438
24-Nov-2017	6.P.C.4.b	16deg	5	28	16deg:5:28	8	Est-1	7042	1.859528125
25-Nov-2017	6.P.C.4.b	16deg	5	3	16deg:5:3	9	Est-1:acd6-null	18891	4.988404688
25-Nov-2017	6.P.C.4.b	16deg	5	6	16deg:5:6	8	Est-1	13040	3.443375
25-Nov-2017	6.P.C.4.b	16deg	5	12	16deg:5:12	8	Est-1	7746	2.045428125
25-Nov-2017	6.P.C.4.b	16deg	5	17	16deg:5:17	10	Est-1:acd6-null	12927	3.413535938
25-Nov-2017	6.P.C.4.b	16deg	5	28	16deg:5:28	8	Est-1	8247	2.177723438
26-Nov-2017	6.P.C.4.b	16deg	5	3	16deg:5:3	9	Est-1:acd6-null	20764	5.48299375
26-Nov-2017	6.P.C.4.b	16deg	5	6	16deg:5:6	8	Est-1	13600	3.59125
26-Nov-2017	6.P.C.4.b	16deg	5	12	16deg:5:12	8	Est-1	8728	2.3047375
26-Nov-2017	6.P.C.4.b	16deg	5	17	16deg:5:17	10	Est-1:acd6-null	15964	4.21549375
26-Nov-2017	6.P.C.4.b	16deg	5	28	16deg:5:28	8	Est-1	8803	2.324542188
14-Nov-2017	6.P.C.4.c	16deg	7	3	16deg:7:3	8	Est-1	1452	0.38341875
14-Nov-2017	6.P.C.4.c	16deg	7	6	16deg:7:6	8	Est-1	2772	0.73198125
14-Nov-2017	6.P.C.4.c	16deg	7	7	16deg:7:7	10	Est-1:acd6-null	2372	0.62635625
14-Nov-2017	6.P.C.4.c	16deg	7	17	16deg:7:17	9	Est-1:acd6-null	2151	0.567998438
14-Nov-2017	6.P.C.4.c	16deg	7	21	16deg:7:21	9	Est-1:acd6-null	2487	0.656723438
14-Nov-2017	6.P.C.4.c	16deg	7	27	16deg:7:27	8	Est-1	1154	0.304728125
15-Nov-2017	6.P.C.4.c	16deg	7	3	16deg:7:3	8	Est-1	1774	0.468446875
15-Nov-2017	6.P.C.4.c	16deg	7	6	16deg:7:6	8	Est-1	2880	0.7605
15-Nov-2017	6.P.C.4.c	16deg	7	7	16deg:7:7	10	Est-1:acd6-null	2824	0.7457125
15-Nov-2017	6.P.C.4.c	16deg	7	17	16deg:7:17	9	Est-1:acd6-null	2392	0.6316375
15-Nov-2017	6.P.C.4.c	16deg	7	21	16deg:7:21	9	Est-1:acd6-null	2389	0.630845313
15-Nov-2017	6.P.C.4.c	16deg	7	27	16deg:7:27	8	Est-1	1261	0.332982813
16-Nov-2017	6.P.C.4.c	16deg	7	3	16deg:7:3	8	Est-1	2078	0.548721875
16-Nov-2017	6.P.C.4.c	16deg	7	6	16deg:7:6	8	Est-1	3306	0.872990625
16-Nov-2017	6.P.C.4.c	16deg	7	7	16deg:7:7	10	Est-1:acd6-null	3025	0.798789063
16-Nov-2017	6.P.C.4.c	16deg	7	17	16deg:7:17	9	Est-1:acd6-null	2999	0.791923438
16-Nov-2017	6.P.C.4.c	16deg	7	21	16deg:7:21	9	Est-1:acd6-null	3064	0.8090875
16-Nov-2017	6.P.C.4.c	16deg	7	27	16deg:7:27	8	Est-1	1537	0.405864063
17-Nov-2017	6.P.C.4.c	16deg	7	3	16deg:7:3	8	Est-1	2729	0.720626563
17-Nov-2017	6.P.C.4.c	16deg	7	6	16deg:7:6	8	Est-1	3682	0.972278125
17-Nov-2017	6.P.C.4.c	16deg	7	7	16deg:7:7	10	Est-1:acd6-null	3793	1.001589063
17-Nov-2017	6.P.C.4.c	16deg	7	17	16deg:7:17	9	Est-1:acd6-null	3351	0.884873438
17-Nov-2017	6.P.C.4.c	16deg	7	21	16deg:7:21	9	Est-1:acd6-null	4070	1.074734375
17-Nov-2017	6.P.C.4.c	16deg	7	27	16deg:7:27	8	Est-1	1885	0.497757813
18-Nov-2017	6.P.C.4.c	16deg	7	3	16deg:7:3	8	Est-1	3317	0.875895313
18-Nov-2017	6.P.C.4.c	16deg	7	6	16deg:7:6	8	Est-1	4403	1.162667188
18-Nov-2017	6.P.C.4.c	16deg	7	7	16deg:7:7	10	Est-1:acd6-null	5142	1.357809375
18-Nov-2017	6.P.C.4.c	16deg	7	17	16deg:7:17	9	Est-1:acd6-null	4206	1.110646875
18-Nov-2017	6.P.C.4.c	16deg	7	21	16deg:7:21	9	Est-1:acd6-null	4915	1.297867188
18-Nov-2017	6.P.C.4.c	16deg	7	27	16deg:7:27	8	Est-1	2412	0.63691875
19-Nov-2017	6.P.C.4.c	16deg	7	3	16deg:7:3	8	Est-1	4074	1.075790625
19-Nov-2017	6.P.C.4.c	16deg	7	6	16deg:7:6	8	Est-1	5210	1.375765625
19-Nov-2017	6.P.C.4.c	16deg	7	7	16deg:7:7	10	Est-1:acd6-null	6014	1.588071875
19-Nov-2017	6.P.C.4.c	16deg	7	17	16deg:7:17	9	Est-1:acd6-null	5225	1.379726563
19-Nov-2017	6.P.C.4.c	16deg	7	21	16deg:7:21	9	Est-1:acd6-null	6005	1.585695313
19-Nov-2017	6.P.C.4.c	16deg	7	27	16deg:7:27	8	Est-1	2896	0.764725
20-Nov-2017	6.P.C.4.c	16deg	7	3	16deg:7:3	8	Est-1	5075	1.340117188
20-Nov-2017	6.P.C.4.c	16deg	7	6	16deg:7:6	8	Est-1	5426	1.432803125
20-Nov-2017	6.P.C.4.c	16deg	7	7	16deg:7:7	10	Est-1:acd6-null	7450	1.967265625
20-Nov-2017	6.P.C.4.c	16deg	7	17	16deg:7:17	9	Est-1:acd6-null	6767	1.786910938
20-Nov-2017	6.P.C.4.c	16deg	7	21	16deg:7:21	9	Est-1:acd6-null	7994	2.110915625
20-Nov-2017	6.P.C.4.c	16deg	7	27	16deg:7:27	8	Est-1	3462	0.914184375
21-Nov-2017	6.P.C.4.c	16deg	7	3	16deg:7:3	8	Est-1	6076	1.60444375
21-Nov-2017	6.P.C.4.c	16deg	7	6	16deg:7:6	8	Est-1	5879	1.552423438
21-Nov-2017	6.P.C.4.c	16deg	7	7	16deg:7:7	10	Est-1:acd6-null	8814	2.327446875
21-Nov-2017	6.P.C.4.c	16deg	7	17	16deg:7:17	9	Est-1:acd6-null	8793	2.321901563
21-Nov-2017	6.P.C.4.c	16deg	7	21	16deg:7:21	9	Est-1:acd6-null	10172	2.68604375
21-Nov-2017	6.P.C.4.c	16deg	7	27	16deg:7:27	8	Est-1	4324	1.14180625
22-Nov-2017	6.P.C.4.c	16deg	7	3	16deg:7:3	8	Est-1	7510	1.983109375
22-Nov-2017	6.P.C.4.c	16deg	7	6	16deg:7:6	8	Est-1	6689	1.766314063
22-Nov-2017	6.P.C.4.c	16deg	7	7	16deg:7:7	10	Est-1:acd6-null	10719	2.830485938
22-Nov-2017	6.P.C.4.c	16deg	7	17	16deg:7:17	9	Est-1:acd6-null	11143	2.942448438
22-Nov-2017	6.P.C.4.c	16deg	7	21	16deg:7:21	9	Est-1:acd6-null	11175	2.950898438
22-Nov-2017	6.P.C.4.c	16deg	7	27	16deg:7:27	8	Est-1	5269	1.391345313
23-Nov-2017	6.P.C.4.c	16deg	7	3	16deg:7:3	8	Est-1	9474	2.501728125
23-Nov-2017	6.P.C.4.c	16deg	7	6	16deg:7:6	8	Est-1	8185	2.161351563
23-Nov-2017	6.P.C.4.c	16deg	7	7	16deg:7:7	10	Est-1:acd6-null	13392	3.536325
23-Nov-2017	6.P.C.4.c	16deg	7	17	16deg:7:17	9	Est-1:acd6-null	12116	3.19938125
23-Nov-2017	6.P.C.4.c	16deg	7	21	16deg:7:21	9	Est-1:acd6-null	13466	3.555865625
23-Nov-2017	6.P.C.4.c	16deg	7	27	16deg:7:27	8	Est-1	6715	1.773179688
24-Nov-2017	6.P.C.4.c	16deg	7	3	16deg:7:3	8	Est-1	12390	3.271734375
24-Nov-2017	6.P.C.4.c	16deg	7	6	16deg:7:6	8	Est-1	10145	2.678914063
24-Nov-2017	6.P.C.4.c	16deg	7	7	16deg:7:7	10	Est-1:acd6-null	14160	3.739125
24-Nov-2017	6.P.C.4.c	16deg	7	17	16deg:7:17	9	Est-1:acd6-null	15916	4.20281875
24-Nov-2017	6.P.C.4.c	16deg	7	21	16deg:7:21	9	Est-1:acd6-null	14261	3.765795313
24-Nov-2017	6.P.C.4.c	16deg	7	27	16deg:7:27	8	Est-1	8685	2.293382813
25-Nov-2017	6.P.C.4.c	16deg	7	3	16deg:7:3	8	Est-1	16313	4.307651563
25-Nov-2017	6.P.C.4.c	16deg	7	6	16deg:7:6	8	Est-1	11782	3.111184375
25-Nov-2017	6.P.C.4.c	16deg	7	7	16deg:7:7	10	Est-1:acd6-null	17596	4.64644375
25-Nov-2017	6.P.C.4.c	16deg	7	17	16deg:7:17	9	Est-1:acd6-null	18692	4.93585625
25-Nov-2017	6.P.C.4.c	16deg	7	21	16deg:7:21	9	Est-1:acd6-null	15150	4.000546875
25-Nov-2017	6.P.C.4.c	16deg	7	27	16deg:7:27	8	Est-1	10241	2.704264063
26-Nov-2017	6.P.C.4.c	16deg	7	3	16deg:7:3	8	Est-1	20300	5.36046875
26-Nov-2017	6.P.C.4.c	16deg	7	6	16deg:7:6	8	Est-1	13535	3.574085938
26-Nov-2017	6.P.C.4.c	16deg	7	7	16deg:7:7	10	Est-1:acd6-null	19932	5.26329375
26-Nov-2017	6.P.C.4.c	16deg	7	17	16deg:7:17	9	Est-1:acd6-null	23227	6.133379688
26-Nov-2017	6.P.C.4.c	16deg	7	21	16deg:7:21	9	Est-1:acd6-null	18507	4.887004688
26-Nov-2017	6.P.C.4.c	16deg	7	27	16deg:7:27	8	Est-1	12766	3.371021875
14-Nov-2017	6.P.D.4.a	16deg	8	4	16deg:8:4	8	Est-1	1140	0.30103125
14-Nov-2017	6.P.D.4.a	16deg	8	9	16deg:8:9	10	Est-1:acd6-null	2531	0.668342188
14-Nov-2017	6.P.D.4.a	16deg	8	12	16deg:8:12	9	Est-1:acd6-null	2140	0.56509375
14-Nov-2017	6.P.D.4.a	16deg	8	18	16deg:8:18	10	Est-1:acd6-null	2183	0.576448438
14-Nov-2017	6.P.D.4.a	16deg	8	26	16deg:8:26	8	Est-1	2409	0.636126563
14-Nov-2017	6.P.D.4.a	16deg	8	28	16deg:8:28	8	Est-1	2047	0.540535938
15-Nov-2017	6.P.D.4.a	16deg	8	4	16deg:8:4	8	Est-1	1414	0.373384375
15-Nov-2017	6.P.D.4.a	16deg	8	9	16deg:8:9	10	Est-1:acd6-null	2968	0.7837375
15-Nov-2017	6.P.D.4.a	16deg	8	12	16deg:8:12	9	Est-1:acd6-null	2803	0.740167188
15-Nov-2017	6.P.D.4.a	16deg	8	18	16deg:8:18	10	Est-1:acd6-null	2799	0.739110938
15-Nov-2017	6.P.D.4.a	16deg	8	26	16deg:8:26	8	Est-1	3060	0.80803125
15-Nov-2017	6.P.D.4.a	16deg	8	28	16deg:8:28	8	Est-1	2432	0.6422
16-Nov-2017	6.P.D.4.a	16deg	8	4	16deg:8:4	8	Est-1	1552	0.409825
16-Nov-2017	6.P.D.4.a	16deg	8	9	16deg:8:9	10	Est-1:acd6-null	3839	1.013735938
16-Nov-2017	6.P.D.4.a	16deg	8	12	16deg:8:12	9	Est-1:acd6-null	3151	0.832060938
16-Nov-2017	6.P.D.4.a	16deg	8	18	16deg:8:18	10	Est-1:acd6-null	3680	0.97175
16-Nov-2017	6.P.D.4.a	16deg	8	26	16deg:8:26	8	Est-1	3804	1.00449375
16-Nov-2017	6.P.D.4.a	16deg	8	28	16deg:8:28	8	Est-1	3067	0.809879688
17-Nov-2017	6.P.D.4.a	16deg	8	4	16deg:8:4	8	Est-1	2122	0.560340625
17-Nov-2017	6.P.D.4.a	16deg	8	9	16deg:8:9	10	Est-1:acd6-null	4441	1.172701563
17-Nov-2017	6.P.D.4.a	16deg	8	12	16deg:8:12	9	Est-1:acd6-null	3759	0.992610938
17-Nov-2017	6.P.D.4.a	16deg	8	18	16deg:8:18	10	Est-1:acd6-null	4380	1.15659375
17-Nov-2017	6.P.D.4.a	16deg	8	26	16deg:8:26	8	Est-1	4675	1.234492188
17-Nov-2017	6.P.D.4.a	16deg	8	28	16deg:8:28	8	Est-1	3540	0.93478125
18-Nov-2017	6.P.D.4.a	16deg	8	4	16deg:8:4	8	Est-1	2357	0.622395313
18-Nov-2017	6.P.D.4.a	16deg	8	9	16deg:8:9	10	Est-1:acd6-null	6091	1.608404688
18-Nov-2017	6.P.D.4.a	16deg	8	12	16deg:8:12	9	Est-1:acd6-null	4248	1.1217375
18-Nov-2017	6.P.D.4.a	16deg	8	18	16deg:8:18	10	Est-1:acd6-null	5294	1.397946875
18-Nov-2017	6.P.D.4.a	16deg	8	26	16deg:8:26	8	Est-1	5615	1.482710938
18-Nov-2017	6.P.D.4.a	16deg	8	28	16deg:8:28	8	Est-1	4239	1.119360938
19-Nov-2017	6.P.D.4.a	16deg	8	4	16deg:8:4	8	Est-1	3160	0.8344375
19-Nov-2017	6.P.D.4.a	16deg	8	9	16deg:8:9	10	Est-1:acd6-null	8074	2.132040625
19-Nov-2017	6.P.D.4.a	16deg	8	12	16deg:8:12	9	Est-1:acd6-null	5349	1.412470313
19-Nov-2017	6.P.D.4.a	16deg	8	18	16deg:8:18	10	Est-1:acd6-null	6081	1.605764063
19-Nov-2017	6.P.D.4.a	16deg	8	26	16deg:8:26	8	Est-1	6606	1.744396875
19-Nov-2017	6.P.D.4.a	16deg	8	28	16deg:8:28	8	Est-1	5117	1.351207813
20-Nov-2017	6.P.D.4.a	16deg	8	4	16deg:8:4	8	Est-1	3823	1.009510938
20-Nov-2017	6.P.D.4.a	16deg	8	9	16deg:8:9	10	Est-1:acd6-null	10505	2.773976563
20-Nov-2017	6.P.D.4.a	16deg	8	12	16deg:8:12	9	Est-1:acd6-null	6585	1.738851563
20-Nov-2017	6.P.D.4.a	16deg	8	18	16deg:8:18	10	Est-1:acd6-null	7778	2.053878125
20-Nov-2017	6.P.D.4.a	16deg	8	26	16deg:8:26	8	Est-1	8191	2.162935938
20-Nov-2017	6.P.D.4.a	16deg	8	28	16deg:8:28	8	Est-1	5590	1.476109375
21-Nov-2017	6.P.D.4.a	16deg	8	4	16deg:8:4	8	Est-1	4553	1.202276563
21-Nov-2017	6.P.D.4.a	16deg	8	9	16deg:8:9	10	Est-1:acd6-null	11410	3.012953125
21-Nov-2017	6.P.D.4.a	16deg	8	12	16deg:8:12	9	Est-1:acd6-null	8062	2.128871875
21-Nov-2017	6.P.D.4.a	16deg	8	18	16deg:8:18	10	Est-1:acd6-null	9097	2.402176563
21-Nov-2017	6.P.D.4.a	16deg	8	26	16deg:8:26	8	Est-1	10977	2.898614063
21-Nov-2017	6.P.D.4.a	16deg	8	28	16deg:8:28	8	Est-1	5619	1.483767188
22-Nov-2017	6.P.D.4.a	16deg	8	4	16deg:8:4	8	Est-1	6167	1.628473438
22-Nov-2017	6.P.D.4.a	16deg	8	9	16deg:8:9	10	Est-1:acd6-null	14488	3.8257375
22-Nov-2017	6.P.D.4.a	16deg	8	12	16deg:8:12	9	Est-1:acd6-null	10252	2.70716875
22-Nov-2017	6.P.D.4.a	16deg	8	18	16deg:8:18	10	Est-1:acd6-null	11303	2.984698438
22-Nov-2017	6.P.D.4.a	16deg	8	26	16deg:8:26	8	Est-1	12320	3.25325
22-Nov-2017	6.P.D.4.a	16deg	8	28	16deg:8:28	8	Est-1	5822	1.537371875
23-Nov-2017	6.P.D.4.a	16deg	8	4	16deg:8:4	8	Est-1	7487	1.977035938
23-Nov-2017	6.P.D.4.a	16deg	8	9	16deg:8:9	10	Est-1:acd6-null	16118	4.256159375
23-Nov-2017	6.P.D.4.a	16deg	8	12	16deg:8:12	9	Est-1:acd6-null	12823	3.386073438
23-Nov-2017	6.P.D.4.a	16deg	8	18	16deg:8:18	10	Est-1:acd6-null	12582	3.322434375
23-Nov-2017	6.P.D.4.a	16deg	8	26	16deg:8:26	8	Est-1	15012	3.96410625
23-Nov-2017	6.P.D.4.a	16deg	8	28	16deg:8:28	8	Est-1	7008	1.85055
24-Nov-2017	6.P.D.4.a	16deg	8	4	16deg:8:4	8	Est-1	9362	2.472153125
24-Nov-2017	6.P.D.4.a	16deg	8	9	16deg:8:9	10	Est-1:acd6-null	19452	5.13654375
24-Nov-2017	6.P.D.4.a	16deg	8	12	16deg:8:12	9	Est-1:acd6-null	16385	4.326664063
24-Nov-2017	6.P.D.4.a	16deg	8	18	16deg:8:18	10	Est-1:acd6-null	15315	4.044117188
24-Nov-2017	6.P.D.4.a	16deg	8	26	16deg:8:26	8	Est-1	17941	4.737545313
24-Nov-2017	6.P.D.4.a	16deg	8	28	16deg:8:28	8	Est-1	8325	2.198320313
25-Nov-2017	6.P.D.4.a	16deg	8	4	16deg:8:4	8	Est-1	12167	3.212848438
25-Nov-2017	6.P.D.4.a	16deg	8	9	16deg:8:9	10	Est-1:acd6-null	22488	5.9382375
25-Nov-2017	6.P.D.4.a	16deg	8	12	16deg:8:12	9	Est-1:acd6-null	19211	5.072904688
25-Nov-2017	6.P.D.4.a	16deg	8	18	16deg:8:18	10	Est-1:acd6-null	17682	4.669153125
25-Nov-2017	6.P.D.4.a	16deg	8	26	16deg:8:26	8	Est-1	21554	5.691603125
25-Nov-2017	6.P.D.4.a	16deg	8	28	16deg:8:28	8	Est-1	9535	2.517835938
26-Nov-2017	6.P.D.4.a	16deg	8	4	16deg:8:4	8	Est-1	15361	4.056264063
26-Nov-2017	6.P.D.4.a	16deg	8	9	16deg:8:9	10	Est-1:acd6-null	23388	6.17589375
26-Nov-2017	6.P.D.4.a	16deg	8	12	16deg:8:12	9	Est-1:acd6-null	23228	6.13364375
26-Nov-2017	6.P.D.4.a	16deg	8	18	16deg:8:18	10	Est-1:acd6-null	20702	5.466621875
26-Nov-2017	6.P.D.4.a	16deg	8	26	16deg:8:26	8	Est-1	27047	7.142098438
26-Nov-2017	6.P.D.4.a	16deg	8	28	16deg:8:28	8	Est-1	11500	3.03671875
14-Nov-2017	6.W.D.4.a	16deg	2	4	16deg:2:4	8	Est-1	447	0.118035938
14-Nov-2017	6.W.D.4.a	16deg	2	7	16deg:2:7	8	Est-1	3025	0.798789063
14-Nov-2017	6.W.D.4.a	16deg	2	8	16deg:2:8	10	Est-1:acd6-null	2347	0.619754688
14-Nov-2017	6.W.D.4.a	16deg	2	12	16deg:2:12	8	Est-1	1226	0.323740625
14-Nov-2017	6.W.D.4.a	16deg	2	17	16deg:2:17	9	Est-1:acd6-null	2225	0.587539063
14-Nov-2017	6.W.D.4.a	16deg	2	18	16deg:2:18	10	Est-1:acd6-null	2415	0.637710938
14-Nov-2017	6.W.D.4.a	16deg	2	29	16deg:2:29	8	Est-1	1678	0.443096875
15-Nov-2017	6.W.D.4.a	16deg	2	4	16deg:2:4	8	Est-1	419	0.110642188
15-Nov-2017	6.W.D.4.a	16deg	2	7	16deg:2:7	8	Est-1	3262	0.861371875
15-Nov-2017	6.W.D.4.a	16deg	2	8	16deg:2:8	10	Est-1:acd6-null	2504	0.6612125
15-Nov-2017	6.W.D.4.a	16deg	2	12	16deg:2:12	8	Est-1	1117	0.294957813
15-Nov-2017	6.W.D.4.a	16deg	2	17	16deg:2:17	9	Est-1:acd6-null	2510	0.662796875
15-Nov-2017	6.W.D.4.a	16deg	2	18	16deg:2:18	10	Est-1:acd6-null	2896	0.764725
15-Nov-2017	6.W.D.4.a	16deg	2	29	16deg:2:29	8	Est-1	1960	0.5175625
16-Nov-2017	6.W.D.4.a	16deg	2	4	16deg:2:4	8	Est-1	413	0.109057813
16-Nov-2017	6.W.D.4.a	16deg	2	7	16deg:2:7	8	Est-1	3842	1.014528125
16-Nov-2017	6.W.D.4.a	16deg	2	8	16deg:2:8	10	Est-1:acd6-null	3257	0.860051563
16-Nov-2017	6.W.D.4.a	16deg	2	12	16deg:2:12	8	Est-1	1099	0.290204688
16-Nov-2017	6.W.D.4.a	16deg	2	17	16deg:2:17	9	Est-1:acd6-null	2856	0.7541625
16-Nov-2017	6.W.D.4.a	16deg	2	18	16deg:2:18	10	Est-1:acd6-null	3531	0.932404688
16-Nov-2017	6.W.D.4.a	16deg	2	29	16deg:2:29	8	Est-1	2570	0.678640625
17-Nov-2017	6.W.D.4.a	16deg	2	4	16deg:2:4	8	Est-1	450	0.118828125
17-Nov-2017	6.W.D.4.a	16deg	2	7	16deg:2:7	8	Est-1	4404	1.16293125
17-Nov-2017	6.W.D.4.a	16deg	2	8	16deg:2:8	10	Est-1:acd6-null	3535	0.933460938
17-Nov-2017	6.W.D.4.a	16deg	2	12	16deg:2:12	8	Est-1	1133	0.299182813
17-Nov-2017	6.W.D.4.a	16deg	2	17	16deg:2:17	9	Est-1:acd6-null	3545	0.936101563
17-Nov-2017	6.W.D.4.a	16deg	2	18	16deg:2:18	10	Est-1:acd6-null	4163	1.099292188
17-Nov-2017	6.W.D.4.a	16deg	2	29	16deg:2:29	8	Est-1	3020	0.79746875
18-Nov-2017	6.W.D.4.a	16deg	2	4	16deg:2:4	8	Est-1	425	0.112226563
18-Nov-2017	6.W.D.4.a	16deg	2	7	16deg:2:7	8	Est-1	5667	1.496442188
18-Nov-2017	6.W.D.4.a	16deg	2	8	16deg:2:8	10	Est-1:acd6-null	4569	1.206501563
18-Nov-2017	6.W.D.4.a	16deg	2	12	16deg:2:12	8	Est-1	1093	0.288620313
18-Nov-2017	6.W.D.4.a	16deg	2	17	16deg:2:17	9	Est-1:acd6-null	3835	1.012679688
18-Nov-2017	6.W.D.4.a	16deg	2	18	16deg:2:18	10	Est-1:acd6-null	5555	1.466867188
18-Nov-2017	6.W.D.4.a	16deg	2	29	16deg:2:29	8	Est-1	3726	0.983896875
19-Nov-2017	6.W.D.4.a	16deg	2	4	16deg:2:4	8	Est-1	421	0.111170313
19-Nov-2017	6.W.D.4.a	16deg	2	7	16deg:2:7	8	Est-1	6235	1.646429688
19-Nov-2017	6.W.D.4.a	16deg	2	8	16deg:2:8	10	Est-1:acd6-null	4132	1.09110625
19-Nov-2017	6.W.D.4.a	16deg	2	12	16deg:2:12	8	Est-1	127	0.033535938
19-Nov-2017	6.W.D.4.a	16deg	2	17	16deg:2:17	9	Est-1:acd6-null	5068	1.33826875
19-Nov-2017	6.W.D.4.a	16deg	2	18	16deg:2:18	10	Est-1:acd6-null	6472	1.7090125
19-Nov-2017	6.W.D.4.a	16deg	2	29	16deg:2:29	8	Est-1	4155	1.097179688
20-Nov-2017	6.W.D.4.a	16deg	2	4	16deg:2:4	8	Est-1	430	0.113546875
20-Nov-2017	6.W.D.4.a	16deg	2	7	16deg:2:7	8	Est-1	6152	1.6245125
20-Nov-2017	6.W.D.4.a	16deg	2	8	16deg:2:8	10	Est-1:acd6-null	5005	1.321632813
20-Nov-2017	6.W.D.4.a	16deg	2	12	16deg:2:12	8	Est-1	109	0.028782813
20-Nov-2017	6.W.D.4.a	16deg	2	17	16deg:2:17	9	Est-1:acd6-null	5842	1.542653125
20-Nov-2017	6.W.D.4.a	16deg	2	18	16deg:2:18	10	Est-1:acd6-null	8107	2.140754688
20-Nov-2017	6.W.D.4.a	16deg	2	29	16deg:2:29	8	Est-1	5180	1.36784375
21-Nov-2017	6.W.D.4.a	16deg	2	4	16deg:2:4	8	Est-1	388	0.10245625
21-Nov-2017	6.W.D.4.a	16deg	2	7	16deg:2:7	8	Est-1	7449	1.967001563
21-Nov-2017	6.W.D.4.a	16deg	2	8	16deg:2:8	10	Est-1:acd6-null	5572	1.47135625
21-Nov-2017	6.W.D.4.a	16deg	2	12	16deg:2:12	8	Est-1	106	0.027990625
21-Nov-2017	6.W.D.4.a	16deg	2	17	16deg:2:17	9	Est-1:acd6-null	7571	1.999217188
21-Nov-2017	6.W.D.4.a	16deg	2	18	16deg:2:18	10	Est-1:acd6-null	9865	2.604976563
21-Nov-2017	6.W.D.4.a	16deg	2	29	16deg:2:29	8	Est-1	6351	1.677060938
22-Nov-2017	6.W.D.4.a	16deg	2	4	16deg:2:4	8	Est-1	389	0.102720313
22-Nov-2017	6.W.D.4.a	16deg	2	7	16deg:2:7	8	Est-1	8188	2.16214375
22-Nov-2017	6.W.D.4.a	16deg	2	8	16deg:2:8	10	Est-1:acd6-null	5171	1.365467188
22-Nov-2017	6.W.D.4.a	16deg	2	12	16deg:2:12	8	Est-1	69	0.018220313
22-Nov-2017	6.W.D.4.a	16deg	2	17	16deg:2:17	9	Est-1:acd6-null	9441	2.493014063
22-Nov-2017	6.W.D.4.a	16deg	2	18	16deg:2:18	10	Est-1:acd6-null	10685	2.821507813
22-Nov-2017	6.W.D.4.a	16deg	2	29	16deg:2:29	8	Est-1	7414	1.957759375
23-Nov-2017	6.W.D.4.a	16deg	2	4	16deg:2:4	8	Est-1	371	0.097967188
23-Nov-2017	6.W.D.4.a	16deg	2	7	16deg:2:7	8	Est-1	9960	2.6300625
23-Nov-2017	6.W.D.4.a	16deg	2	8	16deg:2:8	10	Est-1:acd6-null	5772	1.52416875
23-Nov-2017	6.W.D.4.a	16deg	2	12	16deg:2:12	8	Est-1	72	0.0190125
23-Nov-2017	6.W.D.4.a	16deg	2	17	16deg:2:17	9	Est-1:acd6-null	12002	3.169278125
23-Nov-2017	6.W.D.4.a	16deg	2	18	16deg:2:18	10	Est-1:acd6-null	11886	3.138646875
23-Nov-2017	6.W.D.4.a	16deg	2	29	16deg:2:29	8	Est-1	8320	2.197
24-Nov-2017	6.W.D.4.a	16deg	2	4	16deg:2:4	8	Est-1	397	0.104832813
24-Nov-2017	6.W.D.4.a	16deg	2	7	16deg:2:7	8	Est-1	11198	2.956971875
24-Nov-2017	6.W.D.4.a	16deg	2	8	16deg:2:8	10	Est-1:acd6-null	6674	1.762353125
24-Nov-2017	6.W.D.4.a	16deg	2	12	16deg:2:12	8	Est-1	68	0.01795625
24-Nov-2017	6.W.D.4.a	16deg	2	17	16deg:2:17	9	Est-1:acd6-null	13691	3.615279688
24-Nov-2017	6.W.D.4.a	16deg	2	18	16deg:2:18	10	Est-1:acd6-null	12103	3.195948438
24-Nov-2017	6.W.D.4.a	16deg	2	29	16deg:2:29	8	Est-1	9955	2.628742188
25-Nov-2017	6.W.D.4.a	16deg	2	4	16deg:2:4	8	Est-1	151	0.039873438
25-Nov-2017	6.W.D.4.a	16deg	2	7	16deg:2:7	8	Est-1	12781	3.374982813
25-Nov-2017	6.W.D.4.a	16deg	2	8	16deg:2:8	10	Est-1:acd6-null	7495	1.979148438
25-Nov-2017	6.W.D.4.a	16deg	2	12	16deg:2:12	8	Est-1	4	0.00105625
25-Nov-2017	6.W.D.4.a	16deg	2	17	16deg:2:17	9	Est-1:acd6-null	17030	4.496984375
25-Nov-2017	6.W.D.4.a	16deg	2	18	16deg:2:18	10	Est-1:acd6-null	14418	3.807253125
25-Nov-2017	6.W.D.4.a	16deg	2	29	16deg:2:29	8	Est-1	10885	2.874320313
26-Nov-2017	6.W.D.4.a	16deg	2	4	16deg:2:4	8	Est-1	139	0.036704688
26-Nov-2017	6.W.D.4.a	16deg	2	7	16deg:2:7	8	Est-1	13908	3.67258125
26-Nov-2017	6.W.D.4.a	16deg	2	8	16deg:2:8	10	Est-1:acd6-null	8730	2.305265625
26-Nov-2017	6.W.D.4.a	16deg	2	17	16deg:2:17	9	Est-1:acd6-null	19161	5.059701563
26-Nov-2017	6.W.D.4.a	16deg	2	18	16deg:2:18	10	Est-1:acd6-null	16713	4.413276563
26-Nov-2017	6.W.D.4.a	16deg	2	29	16deg:2:29	8	Est-1	13470	3.556921875
14-Nov-2017	7.P.A.3.c	23deg	1	2	23deg:1:2	8	Est-1	3492	0.92210625
14-Nov-2017	7.P.A.3.c	23deg	1	7	23deg:1:7	10	Est-1:acd6-null	6412	1.69316875
14-Nov-2017	7.P.A.3.c	23deg	1	12	23deg:1:12	9	Est-1:acd6-null	6489	1.713501563
14-Nov-2017	7.P.A.3.c	23deg	1	15	23deg:1:15	10	Est-1:acd6-null	3906	1.031428125
14-Nov-2017	7.P.A.3.c	23deg	1	16	23deg:1:16	9	Est-1:acd6-null	5558	1.467659375
14-Nov-2017	7.P.A.3.c	23deg	1	21	23deg:1:21	8	Est-1	1823	0.481385938
14-Nov-2017	7.P.A.3.c	23deg	1	28	23deg:1:28	8	Est-1	3467	0.915504688
15-Nov-2017	7.P.A.3.c	23deg	1	2	23deg:1:2	8	Est-1	4411	1.164779688
15-Nov-2017	7.P.A.3.c	23deg	1	7	23deg:1:7	10	Est-1:acd6-null	7602	2.007403125
15-Nov-2017	7.P.A.3.c	23deg	1	12	23deg:1:12	9	Est-1:acd6-null	6561	1.732514063
15-Nov-2017	7.P.A.3.c	23deg	1	15	23deg:1:15	10	Est-1:acd6-null	6243	1.648542188
15-Nov-2017	7.P.A.3.c	23deg	1	16	23deg:1:16	9	Est-1:acd6-null	7644	2.01849375
15-Nov-2017	7.P.A.3.c	23deg	1	21	23deg:1:21	8	Est-1	1860	0.49115625
15-Nov-2017	7.P.A.3.c	23deg	1	28	23deg:1:28	8	Est-1	4987	1.316879688
16-Nov-2017	7.P.A.3.c	23deg	1	2	23deg:1:2	8	Est-1	6050	1.597578125
16-Nov-2017	7.P.A.3.c	23deg	1	7	23deg:1:7	10	Est-1:acd6-null	10088	2.6638625
16-Nov-2017	7.P.A.3.c	23deg	1	12	23deg:1:12	9	Est-1:acd6-null	8879	2.344610938
16-Nov-2017	7.P.A.3.c	23deg	1	15	23deg:1:15	10	Est-1:acd6-null	7333	1.936370313
16-Nov-2017	7.P.A.3.c	23deg	1	16	23deg:1:16	9	Est-1:acd6-null	9310	2.458421875
16-Nov-2017	7.P.A.3.c	23deg	1	21	23deg:1:21	8	Est-1	3087	0.815160938
16-Nov-2017	7.P.A.3.c	23deg	1	28	23deg:1:28	8	Est-1	5526	1.459209375
17-Nov-2017	7.P.A.3.c	23deg	1	2	23deg:1:2	8	Est-1	6952	1.8357625
17-Nov-2017	7.P.A.3.c	23deg	1	7	23deg:1:7	10	Est-1:acd6-null	13032	3.4412625
17-Nov-2017	7.P.A.3.c	23deg	1	12	23deg:1:12	9	Est-1:acd6-null	12427	3.281504688
17-Nov-2017	7.P.A.3.c	23deg	1	15	23deg:1:15	10	Est-1:acd6-null	10632	2.8075125
17-Nov-2017	7.P.A.3.c	23deg	1	16	23deg:1:16	9	Est-1:acd6-null	12140	3.20571875
17-Nov-2017	7.P.A.3.c	23deg	1	21	23deg:1:21	8	Est-1	4407	1.163723438
17-Nov-2017	7.P.A.3.c	23deg	1	28	23deg:1:28	8	Est-1	6134	1.619759375
18-Nov-2017	7.P.A.3.c	23deg	1	2	23deg:1:2	8	Est-1	8871	2.342498438
18-Nov-2017	7.P.A.3.c	23deg	1	7	23deg:1:7	10	Est-1:acd6-null	18555	4.899679688
18-Nov-2017	7.P.A.3.c	23deg	1	12	23deg:1:12	9	Est-1:acd6-null	16530	4.364953125
18-Nov-2017	7.P.A.3.c	23deg	1	15	23deg:1:15	10	Est-1:acd6-null	15382	4.061809375
18-Nov-2017	7.P.A.3.c	23deg	1	16	23deg:1:16	9	Est-1:acd6-null	16349	4.317157813
18-Nov-2017	7.P.A.3.c	23deg	1	21	23deg:1:21	8	Est-1	6076	1.60444375
18-Nov-2017	7.P.A.3.c	23deg	1	28	23deg:1:28	8	Est-1	6647	1.755223438
19-Nov-2017	7.P.A.3.c	23deg	1	2	23deg:1:2	8	Est-1	12787	3.376567188
19-Nov-2017	7.P.A.3.c	23deg	1	7	23deg:1:7	10	Est-1:acd6-null	24541	6.480357813
19-Nov-2017	7.P.A.3.c	23deg	1	12	23deg:1:12	9	Est-1:acd6-null	21341	5.635357813
19-Nov-2017	7.P.A.3.c	23deg	1	15	23deg:1:15	10	Est-1:acd6-null	19365	5.113570313
19-Nov-2017	7.P.A.3.c	23deg	1	16	23deg:1:16	9	Est-1:acd6-null	23018	6.078190625
19-Nov-2017	7.P.A.3.c	23deg	1	21	23deg:1:21	8	Est-1	7152	1.888575
19-Nov-2017	7.P.A.3.c	23deg	1	28	23deg:1:28	8	Est-1	7203	1.902042188
20-Nov-2017	7.P.A.3.c	23deg	1	2	23deg:1:2	8	Est-1	18220	4.81121875
20-Nov-2017	7.P.A.3.c	23deg	1	7	23deg:1:7	10	Est-1:acd6-null	31643	8.355729688
20-Nov-2017	7.P.A.3.c	23deg	1	12	23deg:1:12	9	Est-1:acd6-null	27332	7.21735625
20-Nov-2017	7.P.A.3.c	23deg	1	15	23deg:1:15	10	Est-1:acd6-null	24887	6.571723438
20-Nov-2017	7.P.A.3.c	23deg	1	16	23deg:1:16	9	Est-1:acd6-null	29343	7.748385938
20-Nov-2017	7.P.A.3.c	23deg	1	21	23deg:1:21	8	Est-1	8606	2.272521875
20-Nov-2017	7.P.A.3.c	23deg	1	28	23deg:1:28	8	Est-1	7537	1.990239063
21-Nov-2017	7.P.A.3.c	23deg	1	2	23deg:1:2	8	Est-1	23374	6.172196875
21-Nov-2017	7.P.A.3.c	23deg	1	7	23deg:1:7	10	Est-1:acd6-null	39434	10.41304063
21-Nov-2017	7.P.A.3.c	23deg	1	12	23deg:1:12	9	Est-1:acd6-null	34636	9.14606875
21-Nov-2017	7.P.A.3.c	23deg	1	15	23deg:1:15	10	Est-1:acd6-null	31451	8.305029688
21-Nov-2017	7.P.A.3.c	23deg	1	16	23deg:1:16	9	Est-1:acd6-null	39299	10.37739219
21-Nov-2017	7.P.A.3.c	23deg	1	21	23deg:1:21	8	Est-1	10606	2.800646875
21-Nov-2017	7.P.A.3.c	23deg	1	28	23deg:1:28	8	Est-1	8737	2.307114063
22-Nov-2017	7.P.A.3.c	23deg	1	2	23deg:1:2	8	Est-1	29732	7.85110625
22-Nov-2017	7.P.A.3.c	23deg	1	7	23deg:1:7	10	Est-1:acd6-null	49503	13.07188594
22-Nov-2017	7.P.A.3.c	23deg	1	12	23deg:1:12	9	Est-1:acd6-null	42950	11.34148438
22-Nov-2017	7.P.A.3.c	23deg	1	15	23deg:1:15	10	Est-1:acd6-null	39464	10.4209625
22-Nov-2017	7.P.A.3.c	23deg	1	16	23deg:1:16	9	Est-1:acd6-null	48733	12.86855781
22-Nov-2017	7.P.A.3.c	23deg	1	21	23deg:1:21	8	Est-1	12321	3.253514063
22-Nov-2017	7.P.A.3.c	23deg	1	28	23deg:1:28	8	Est-1	10789	2.848970313
23-Nov-2017	7.P.A.3.c	23deg	1	2	23deg:1:2	8	Est-1	35755	9.441554688
23-Nov-2017	7.P.A.3.c	23deg	1	7	23deg:1:7	10	Est-1:acd6-null	56347	14.87912969
23-Nov-2017	7.P.A.3.c	23deg	1	12	23deg:1:12	9	Est-1:acd6-null	51255	13.53452344
23-Nov-2017	7.P.A.3.c	23deg	1	15	23deg:1:15	10	Est-1:acd6-null	51666	13.64305313
23-Nov-2017	7.P.A.3.c	23deg	1	16	23deg:1:16	9	Est-1:acd6-null	53802	14.20709063
23-Nov-2017	7.P.A.3.c	23deg	1	21	23deg:1:21	8	Est-1	14054	3.711134375
23-Nov-2017	7.P.A.3.c	23deg	1	28	23deg:1:28	8	Est-1	12567	3.318473438
24-Nov-2017	7.P.A.3.c	23deg	1	2	23deg:1:2	8	Est-1	44539	11.76107969
24-Nov-2017	7.P.A.3.c	23deg	1	7	23deg:1:7	10	Est-1:acd6-null	64265	16.96997656
24-Nov-2017	7.P.A.3.c	23deg	1	12	23deg:1:12	9	Est-1:acd6-null	58704	15.501525
24-Nov-2017	7.P.A.3.c	23deg	1	15	23deg:1:15	10	Est-1:acd6-null	63130	16.67026563
24-Nov-2017	7.P.A.3.c	23deg	1	16	23deg:1:16	9	Est-1:acd6-null	63840	16.85775
24-Nov-2017	7.P.A.3.c	23deg	1	21	23deg:1:21	8	Est-1	18151	4.792998438
24-Nov-2017	7.P.A.3.c	23deg	1	28	23deg:1:28	8	Est-1	16442	4.341715625
25-Nov-2017	7.P.A.3.c	23deg	1	2	23deg:1:2	8	Est-1	56494	14.91794688
25-Nov-2017	7.P.A.3.c	23deg	1	7	23deg:1:7	10	Est-1:acd6-null	66420	17.53903125
25-Nov-2017	7.P.A.3.c	23deg	1	12	23deg:1:12	9	Est-1:acd6-null	64666	17.07586563
25-Nov-2017	7.P.A.3.c	23deg	1	15	23deg:1:15	10	Est-1:acd6-null	74818	19.75662813
25-Nov-2017	7.P.A.3.c	23deg	1	16	23deg:1:16	9	Est-1:acd6-null	69890	18.45532813
25-Nov-2017	7.P.A.3.c	23deg	1	21	23deg:1:21	8	Est-1	29493	7.787995313
25-Nov-2017	7.P.A.3.c	23deg	1	28	23deg:1:28	8	Est-1	20814	5.496196875
26-Nov-2017	7.P.A.3.c	23deg	1	2	23deg:1:2	8	Est-1	71989	19.00959531
26-Nov-2017	7.P.A.3.c	23deg	1	7	23deg:1:7	10	Est-1:acd6-null	77178	20.37981563
26-Nov-2017	7.P.A.3.c	23deg	1	12	23deg:1:12	9	Est-1:acd6-null	69330	18.30745313
26-Nov-2017	7.P.A.3.c	23deg	1	15	23deg:1:15	10	Est-1:acd6-null	84841	22.40332656
26-Nov-2017	7.P.A.3.c	23deg	1	16	23deg:1:16	9	Est-1:acd6-null	71754	18.94754063
26-Nov-2017	7.P.A.3.c	23deg	1	21	23deg:1:21	8	Est-1	32739	8.645142188
26-Nov-2017	7.P.A.3.c	23deg	1	28	23deg:1:28	8	Est-1	24948	6.58783125
14-Nov-2017	7.P.B.3.a	23deg	2	1	23deg:2:1	10	Est-1:acd6-null	5815	1.535523438
14-Nov-2017	7.P.B.3.a	23deg	2	2	23deg:2:2	8	Est-1	5619	1.483767188
14-Nov-2017	7.P.B.3.a	23deg	2	10	23deg:2:10	8	Est-1	4931	1.302092188
14-Nov-2017	7.P.B.3.a	23deg	2	18	23deg:2:18	9	Est-1:acd6-null	5631	1.486935938
14-Nov-2017	7.P.B.3.a	23deg	2	19	23deg:2:19	8	Est-1	5912	1.5611375
15-Nov-2017	7.P.B.3.a	23deg	2	1	23deg:2:1	10	Est-1:acd6-null	7574	2.000009375
15-Nov-2017	7.P.B.3.a	23deg	2	2	23deg:2:2	8	Est-1	7159	1.890423438
15-Nov-2017	7.P.B.3.a	23deg	2	10	23deg:2:10	8	Est-1	6472	1.7090125
15-Nov-2017	7.P.B.3.a	23deg	2	18	23deg:2:18	9	Est-1:acd6-null	6783	1.791135938
15-Nov-2017	7.P.B.3.a	23deg	2	19	23deg:2:19	8	Est-1	8037	2.122270313
16-Nov-2017	7.P.B.3.a	23deg	2	1	23deg:2:1	10	Est-1:acd6-null	10288	2.716675
16-Nov-2017	7.P.B.3.a	23deg	2	2	23deg:2:2	8	Est-1	9777	2.581739063
16-Nov-2017	7.P.B.3.a	23deg	2	10	23deg:2:10	8	Est-1	7415	1.958023438
16-Nov-2017	7.P.B.3.a	23deg	2	18	23deg:2:18	9	Est-1:acd6-null	7557	1.995520313
16-Nov-2017	7.P.B.3.a	23deg	2	19	23deg:2:19	8	Est-1	9877	2.608145313
17-Nov-2017	7.P.B.3.a	23deg	2	1	23deg:2:1	10	Est-1:acd6-null	12914	3.410103125
17-Nov-2017	7.P.B.3.a	23deg	2	2	23deg:2:2	8	Est-1	12825	3.386601563
17-Nov-2017	7.P.B.3.a	23deg	2	10	23deg:2:10	8	Est-1	11649	3.076064063
17-Nov-2017	7.P.B.3.a	23deg	2	18	23deg:2:18	9	Est-1:acd6-null	10768	2.843425
17-Nov-2017	7.P.B.3.a	23deg	2	19	23deg:2:19	8	Est-1	14479	3.823360938
18-Nov-2017	7.P.B.3.a	23deg	2	1	23deg:2:1	10	Est-1:acd6-null	18447	4.871160938
18-Nov-2017	7.P.B.3.a	23deg	2	2	23deg:2:2	8	Est-1	17793	4.698464063
18-Nov-2017	7.P.B.3.a	23deg	2	10	23deg:2:10	8	Est-1	15970	4.217078125
18-Nov-2017	7.P.B.3.a	23deg	2	18	23deg:2:18	9	Est-1:acd6-null	14036	3.70638125
18-Nov-2017	7.P.B.3.a	23deg	2	19	23deg:2:19	8	Est-1	17993	4.751276563
19-Nov-2017	7.P.B.3.a	23deg	2	1	23deg:2:1	10	Est-1:acd6-null	23223	6.132323438
19-Nov-2017	7.P.B.3.a	23deg	2	2	23deg:2:2	8	Est-1	23863	6.301323438
19-Nov-2017	7.P.B.3.a	23deg	2	10	23deg:2:10	8	Est-1	19940	5.26540625
19-Nov-2017	7.P.B.3.a	23deg	2	18	23deg:2:18	9	Est-1:acd6-null	18967	5.008473438
19-Nov-2017	7.P.B.3.a	23deg	2	19	23deg:2:19	8	Est-1	23213	6.129682813
20-Nov-2017	7.P.B.3.a	23deg	2	1	23deg:2:1	10	Est-1:acd6-null	31701	8.371045313
20-Nov-2017	7.P.B.3.a	23deg	2	2	23deg:2:2	8	Est-1	27986	7.390053125
20-Nov-2017	7.P.B.3.a	23deg	2	10	23deg:2:10	8	Est-1	23791	6.282310938
20-Nov-2017	7.P.B.3.a	23deg	2	18	23deg:2:18	9	Est-1:acd6-null	25046	6.613709375
20-Nov-2017	7.P.B.3.a	23deg	2	19	23deg:2:19	8	Est-1	26896	7.102225
21-Nov-2017	7.P.B.3.a	23deg	2	1	23deg:2:1	10	Est-1:acd6-null	39104	10.3259
21-Nov-2017	7.P.B.3.a	23deg	2	2	23deg:2:2	8	Est-1	33305	8.794601563
21-Nov-2017	7.P.B.3.a	23deg	2	10	23deg:2:10	8	Est-1	27910	7.369984375
21-Nov-2017	7.P.B.3.a	23deg	2	18	23deg:2:18	9	Est-1:acd6-null	33294	8.791696875
21-Nov-2017	7.P.B.3.a	23deg	2	19	23deg:2:19	8	Est-1	30627	8.087442188
22-Nov-2017	7.P.B.3.a	23deg	2	1	23deg:2:1	10	Est-1:acd6-null	48185	12.72385156
22-Nov-2017	7.P.B.3.a	23deg	2	2	23deg:2:2	8	Est-1	36215	9.563023438
22-Nov-2017	7.P.B.3.a	23deg	2	10	23deg:2:10	8	Est-1	32852	8.67498125
22-Nov-2017	7.P.B.3.a	23deg	2	18	23deg:2:18	9	Est-1:acd6-null	41246	10.89152188
22-Nov-2017	7.P.B.3.a	23deg	2	19	23deg:2:19	8	Est-1	35794	9.451853125
23-Nov-2017	7.P.B.3.a	23deg	2	1	23deg:2:1	10	Est-1:acd6-null	56055	14.80202344
23-Nov-2017	7.P.B.3.a	23deg	2	2	23deg:2:2	8	Est-1	40394	10.66654063
23-Nov-2017	7.P.B.3.a	23deg	2	10	23deg:2:10	8	Est-1	36292	9.58335625
23-Nov-2017	7.P.B.3.a	23deg	2	18	23deg:2:18	9	Est-1:acd6-null	47458	12.53187813
23-Nov-2017	7.P.B.3.a	23deg	2	19	23deg:2:19	8	Est-1	42254	11.15769688
24-Nov-2017	7.P.B.3.a	23deg	2	1	23deg:2:1	10	Est-1:acd6-null	66417	17.53823906
24-Nov-2017	7.P.B.3.a	23deg	2	2	23deg:2:2	8	Est-1	46521	12.28445156
24-Nov-2017	7.P.B.3.a	23deg	2	10	23deg:2:10	8	Est-1	41601	10.98526406
24-Nov-2017	7.P.B.3.a	23deg	2	18	23deg:2:18	9	Est-1:acd6-null	56712	14.9755125
24-Nov-2017	7.P.B.3.a	23deg	2	19	23deg:2:19	8	Est-1	50645	13.37344531
25-Nov-2017	7.P.B.3.a	23deg	2	1	23deg:2:1	10	Est-1:acd6-null	71566	18.89789688
25-Nov-2017	7.P.B.3.a	23deg	2	2	23deg:2:2	8	Est-1	51961	13.72095156
25-Nov-2017	7.P.B.3.a	23deg	2	10	23deg:2:10	8	Est-1	55255	14.59077344
25-Nov-2017	7.P.B.3.a	23deg	2	18	23deg:2:18	9	Est-1:acd6-null	65667	17.34019219
25-Nov-2017	7.P.B.3.a	23deg	2	19	23deg:2:19	8	Est-1	56373	14.88599531
26-Nov-2017	7.P.B.3.a	23deg	2	1	23deg:2:1	10	Est-1:acd6-null	77384	20.4342125
26-Nov-2017	7.P.B.3.a	23deg	2	2	23deg:2:2	8	Est-1	58732	15.50891875
26-Nov-2017	7.P.B.3.a	23deg	2	10	23deg:2:10	8	Est-1	62738	16.56675313
26-Nov-2017	7.P.B.3.a	23deg	2	18	23deg:2:18	9	Est-1:acd6-null	70964	18.73893125
26-Nov-2017	7.P.B.3.a	23deg	2	19	23deg:2:19	8	Est-1	56324	14.87305625
14-Nov-2017	7.P.B.3.b	23deg	3	14	23deg:3:14	8	Est-1	161	0.042514063
14-Nov-2017	7.P.B.3.b	23deg	3	15	23deg:3:15	10	Est-1:acd6-null	4886	1.290209375
14-Nov-2017	7.P.B.3.b	23deg	3	17	23deg:3:17	9	Est-1:acd6-null	4968	1.3118625
14-Nov-2017	7.P.B.3.b	23deg	3	22	23deg:3:22	10	Est-1:acd6-null	4268	1.12701875
14-Nov-2017	7.P.B.3.b	23deg	3	23	23deg:3:23	8	Est-1	5384	1.4217125
15-Nov-2017	7.P.B.3.b	23deg	3	14	23deg:3:14	8	Est-1	138	0.036440625
15-Nov-2017	7.P.B.3.b	23deg	3	15	23deg:3:15	10	Est-1:acd6-null	5741	1.515982813
15-Nov-2017	7.P.B.3.b	23deg	3	17	23deg:3:17	9	Est-1:acd6-null	5060	1.33615625
15-Nov-2017	7.P.B.3.b	23deg	3	22	23deg:3:22	10	Est-1:acd6-null	5391	1.423560938
15-Nov-2017	7.P.B.3.b	23deg	3	23	23deg:3:23	8	Est-1	6243	1.648542188
16-Nov-2017	7.P.B.3.b	23deg	3	14	23deg:3:14	8	Est-1	120	0.0316875
16-Nov-2017	7.P.B.3.b	23deg	3	15	23deg:3:15	10	Est-1:acd6-null	10491	2.770279688
16-Nov-2017	7.P.B.3.b	23deg	3	17	23deg:3:17	9	Est-1:acd6-null	5700	1.50515625
16-Nov-2017	7.P.B.3.b	23deg	3	22	23deg:3:22	10	Est-1:acd6-null	7040	1.859
16-Nov-2017	7.P.B.3.b	23deg	3	23	23deg:3:23	8	Est-1	9545	2.520476563
17-Nov-2017	7.P.B.3.b	23deg	3	14	23deg:3:14	8	Est-1	16	0.004225
17-Nov-2017	7.P.B.3.b	23deg	3	15	23deg:3:15	10	Est-1:acd6-null	12500	3.30078125
17-Nov-2017	7.P.B.3.b	23deg	3	17	23deg:3:17	9	Est-1:acd6-null	7042	1.859528125
17-Nov-2017	7.P.B.3.b	23deg	3	22	23deg:3:22	10	Est-1:acd6-null	10034	2.649603125
17-Nov-2017	7.P.B.3.b	23deg	3	23	23deg:3:23	8	Est-1	12242	3.232653125
18-Nov-2017	7.P.B.3.b	23deg	3	14	23deg:3:14	8	Est-1	8	0.0021125
18-Nov-2017	7.P.B.3.b	23deg	3	15	23deg:3:15	10	Est-1:acd6-null	17130	4.523390625
18-Nov-2017	7.P.B.3.b	23deg	3	17	23deg:3:17	9	Est-1:acd6-null	8255	2.179835938
18-Nov-2017	7.P.B.3.b	23deg	3	22	23deg:3:22	10	Est-1:acd6-null	15190	4.011109375
18-Nov-2017	7.P.B.3.b	23deg	3	23	23deg:3:23	8	Est-1	15296	4.0391
19-Nov-2017	7.P.B.3.b	23deg	3	15	23deg:3:15	10	Est-1:acd6-null	23405	6.180382813
19-Nov-2017	7.P.B.3.b	23deg	3	17	23deg:3:17	9	Est-1:acd6-null	8899	2.349892188
19-Nov-2017	7.P.B.3.b	23deg	3	22	23deg:3:22	10	Est-1:acd6-null	20192	5.33195
19-Nov-2017	7.P.B.3.b	23deg	3	23	23deg:3:23	8	Est-1	20679	5.460548438
20-Nov-2017	7.P.B.3.b	23deg	3	15	23deg:3:15	10	Est-1:acd6-null	29352	7.7507625
20-Nov-2017	7.P.B.3.b	23deg	3	17	23deg:3:17	9	Est-1:acd6-null	10328	2.7272375
20-Nov-2017	7.P.B.3.b	23deg	3	22	23deg:3:22	10	Est-1:acd6-null	26595	7.022742188
20-Nov-2017	7.P.B.3.b	23deg	3	23	23deg:3:23	8	Est-1	23313	6.156089063
21-Nov-2017	7.P.B.3.b	23deg	3	15	23deg:3:15	10	Est-1:acd6-null	38468	10.15795625
21-Nov-2017	7.P.B.3.b	23deg	3	17	23deg:3:17	9	Est-1:acd6-null	11774	3.109071875
21-Nov-2017	7.P.B.3.b	23deg	3	22	23deg:3:22	10	Est-1:acd6-null	34654	9.150821875
21-Nov-2017	7.P.B.3.b	23deg	3	23	23deg:3:23	8	Est-1	27443	7.246667188
22-Nov-2017	7.P.B.3.b	23deg	3	15	23deg:3:15	10	Est-1:acd6-null	45548	12.02751875
22-Nov-2017	7.P.B.3.b	23deg	3	17	23deg:3:17	9	Est-1:acd6-null	12448	3.28705
22-Nov-2017	7.P.B.3.b	23deg	3	22	23deg:3:22	10	Est-1:acd6-null	43526	11.49358438
22-Nov-2017	7.P.B.3.b	23deg	3	23	23deg:3:23	8	Est-1	32132	8.48485625
23-Nov-2017	7.P.B.3.b	23deg	3	15	23deg:3:15	10	Est-1:acd6-null	51530	13.60714063
23-Nov-2017	7.P.B.3.b	23deg	3	17	23deg:3:17	9	Est-1:acd6-null	13378	3.532628125
23-Nov-2017	7.P.B.3.b	23deg	3	22	23deg:3:22	10	Est-1:acd6-null	51753	13.66602656
23-Nov-2017	7.P.B.3.b	23deg	3	23	23deg:3:23	8	Est-1	36764	9.70799375
24-Nov-2017	7.P.B.3.b	23deg	3	15	23deg:3:15	10	Est-1:acd6-null	66536	17.5696625
24-Nov-2017	7.P.B.3.b	23deg	3	17	23deg:3:17	9	Est-1:acd6-null	14763	3.898354688
24-Nov-2017	7.P.B.3.b	23deg	3	22	23deg:3:22	10	Est-1:acd6-null	62039	16.38217344
24-Nov-2017	7.P.B.3.b	23deg	3	23	23deg:3:23	8	Est-1	44130	11.65307813
25-Nov-2017	7.P.B.3.b	23deg	3	15	23deg:3:15	10	Est-1:acd6-null	81290	21.46564063
25-Nov-2017	7.P.B.3.b	23deg	3	17	23deg:3:17	9	Est-1:acd6-null	16594	4.381853125
25-Nov-2017	7.P.B.3.b	23deg	3	22	23deg:3:22	10	Est-1:acd6-null	70260	18.55303125
25-Nov-2017	7.P.B.3.b	23deg	3	23	23deg:3:23	8	Est-1	50277	13.27627031
26-Nov-2017	7.P.B.3.b	23deg	3	15	23deg:3:15	10	Est-1:acd6-null	88990	23.49892188
26-Nov-2017	7.P.B.3.b	23deg	3	17	23deg:3:17	9	Est-1:acd6-null	19498	5.148690625
26-Nov-2017	7.P.B.3.b	23deg	3	22	23deg:3:22	10	Est-1:acd6-null	79856	21.086975
26-Nov-2017	7.P.B.3.b	23deg	3	23	23deg:3:23	8	Est-1	54610	14.42045313
14-Nov-2017	7.P.B.3.c	23deg	4	4	23deg:4:4	9	Est-1:acd6-null	4814	1.271196875
14-Nov-2017	7.P.B.3.c	23deg	4	7	23deg:4:7	8	Est-1	5624	1.4850875
14-Nov-2017	7.P.B.3.c	23deg	4	8	23deg:4:8	8	Est-1	3341	0.882232813
14-Nov-2017	7.P.B.3.c	23deg	4	10	23deg:4:10	10	Est-1:acd6-null	4454	1.176134375
14-Nov-2017	7.P.B.3.c	23deg	4	19	23deg:4:19	8	Est-1	7122	1.880653125
14-Nov-2017	7.P.B.3.c	23deg	4	26	23deg:4:26	9	Est-1:acd6-null	4832	1.27595
14-Nov-2017	7.P.B.3.c	23deg	4	27	23deg:4:27	8	Est-1	1463	0.386323438
15-Nov-2017	7.P.B.3.c	23deg	4	4	23deg:4:4	9	Est-1:acd6-null	6625	1.749414063
15-Nov-2017	7.P.B.3.c	23deg	4	7	23deg:4:7	8	Est-1	6347	1.676004688
15-Nov-2017	7.P.B.3.c	23deg	4	8	23deg:4:8	8	Est-1	6199	1.636923438
15-Nov-2017	7.P.B.3.c	23deg	4	10	23deg:4:10	10	Est-1:acd6-null	6512	1.719575
15-Nov-2017	7.P.B.3.c	23deg	4	19	23deg:4:19	8	Est-1	9433	2.490901563
15-Nov-2017	7.P.B.3.c	23deg	4	26	23deg:4:26	9	Est-1:acd6-null	7117	1.879332813
15-Nov-2017	7.P.B.3.c	23deg	4	27	23deg:4:27	8	Est-1	1491	0.393717188
16-Nov-2017	7.P.B.3.c	23deg	4	4	23deg:4:4	9	Est-1:acd6-null	8129	2.146564063
16-Nov-2017	7.P.B.3.c	23deg	4	7	23deg:4:7	8	Est-1	8009	2.114876563
16-Nov-2017	7.P.B.3.c	23deg	4	8	23deg:4:8	8	Est-1	6924	1.82836875
16-Nov-2017	7.P.B.3.c	23deg	4	10	23deg:4:10	10	Est-1:acd6-null	9898	2.613690625
16-Nov-2017	7.P.B.3.c	23deg	4	19	23deg:4:19	8	Est-1	11627	3.070254688
16-Nov-2017	7.P.B.3.c	23deg	4	26	23deg:4:26	9	Est-1:acd6-null	8599	2.270673438
16-Nov-2017	7.P.B.3.c	23deg	4	27	23deg:4:27	8	Est-1	1800	0.4753125
17-Nov-2017	7.P.B.3.c	23deg	4	4	23deg:4:4	9	Est-1:acd6-null	11527	3.043848438
17-Nov-2017	7.P.B.3.c	23deg	4	7	23deg:4:7	8	Est-1	11162	2.947465625
17-Nov-2017	7.P.B.3.c	23deg	4	8	23deg:4:8	8	Est-1	9972	2.63323125
17-Nov-2017	7.P.B.3.c	23deg	4	10	23deg:4:10	10	Est-1:acd6-null	12441	3.285201563
17-Nov-2017	7.P.B.3.c	23deg	4	19	23deg:4:19	8	Est-1	14936	3.9440375
17-Nov-2017	7.P.B.3.c	23deg	4	26	23deg:4:26	9	Est-1:acd6-null	12278	3.242159375
17-Nov-2017	7.P.B.3.c	23deg	4	27	23deg:4:27	8	Est-1	2383	0.629260938
18-Nov-2017	7.P.B.3.c	23deg	4	4	23deg:4:4	9	Est-1:acd6-null	13990	3.694234375
18-Nov-2017	7.P.B.3.c	23deg	4	7	23deg:4:7	8	Est-1	15133	3.996057813
18-Nov-2017	7.P.B.3.c	23deg	4	8	23deg:4:8	8	Est-1	13530	3.572765625
18-Nov-2017	7.P.B.3.c	23deg	4	10	23deg:4:10	10	Est-1:acd6-null	15906	4.200178125
18-Nov-2017	7.P.B.3.c	23deg	4	19	23deg:4:19	8	Est-1	18079	4.773985938
18-Nov-2017	7.P.B.3.c	23deg	4	26	23deg:4:26	9	Est-1:acd6-null	16334	4.313196875
18-Nov-2017	7.P.B.3.c	23deg	4	27	23deg:4:27	8	Est-1	3514	0.927915625
19-Nov-2017	7.P.B.3.c	23deg	4	4	23deg:4:4	9	Est-1:acd6-null	20033	5.289964063
19-Nov-2017	7.P.B.3.c	23deg	4	7	23deg:4:7	8	Est-1	18207	4.807785938
19-Nov-2017	7.P.B.3.c	23deg	4	8	23deg:4:8	8	Est-1	18417	4.863239063
19-Nov-2017	7.P.B.3.c	23deg	4	10	23deg:4:10	10	Est-1:acd6-null	19911	5.257748438
19-Nov-2017	7.P.B.3.c	23deg	4	19	23deg:4:19	8	Est-1	24087	6.360473438
19-Nov-2017	7.P.B.3.c	23deg	4	26	23deg:4:26	9	Est-1:acd6-null	22200	5.8621875
19-Nov-2017	7.P.B.3.c	23deg	4	27	23deg:4:27	8	Est-1	4599	1.214423438
20-Nov-2017	7.P.B.3.c	23deg	4	4	23deg:4:4	9	Est-1:acd6-null	26862	7.093246875
20-Nov-2017	7.P.B.3.c	23deg	4	7	23deg:4:7	8	Est-1	21017	5.549801563
20-Nov-2017	7.P.B.3.c	23deg	4	8	23deg:4:8	8	Est-1	24812	6.55191875
20-Nov-2017	7.P.B.3.c	23deg	4	10	23deg:4:10	10	Est-1:acd6-null	25400	6.7071875
20-Nov-2017	7.P.B.3.c	23deg	4	19	23deg:4:19	8	Est-1	27932	7.37579375
20-Nov-2017	7.P.B.3.c	23deg	4	26	23deg:4:26	9	Est-1:acd6-null	29956	7.91025625
20-Nov-2017	7.P.B.3.c	23deg	4	27	23deg:4:27	8	Est-1	6431	1.698185938
21-Nov-2017	7.P.B.3.c	23deg	4	4	23deg:4:4	9	Est-1:acd6-null	31818	8.401940625
21-Nov-2017	7.P.B.3.c	23deg	4	7	23deg:4:7	8	Est-1	24951	6.588623438
21-Nov-2017	7.P.B.3.c	23deg	4	8	23deg:4:8	8	Est-1	30856	8.1479125
21-Nov-2017	7.P.B.3.c	23deg	4	10	23deg:4:10	10	Est-1:acd6-null	32934	8.696634375
21-Nov-2017	7.P.B.3.c	23deg	4	19	23deg:4:19	8	Est-1	33536	8.8556
21-Nov-2017	7.P.B.3.c	23deg	4	26	23deg:4:26	9	Est-1:acd6-null	38212	10.09035625
21-Nov-2017	7.P.B.3.c	23deg	4	27	23deg:4:27	8	Est-1	10078	2.661221875
22-Nov-2017	7.P.B.3.c	23deg	4	4	23deg:4:4	9	Est-1:acd6-null	39170	10.34332813
22-Nov-2017	7.P.B.3.c	23deg	4	7	23deg:4:7	8	Est-1	29080	7.6789375
22-Nov-2017	7.P.B.3.c	23deg	4	8	23deg:4:8	8	Est-1	36240	9.569625
22-Nov-2017	7.P.B.3.c	23deg	4	10	23deg:4:10	10	Est-1:acd6-null	44329	11.70562656
22-Nov-2017	7.P.B.3.c	23deg	4	19	23deg:4:19	8	Est-1	41003	10.82735469
22-Nov-2017	7.P.B.3.c	23deg	4	26	23deg:4:26	9	Est-1:acd6-null	45508	12.01695625
22-Nov-2017	7.P.B.3.c	23deg	4	27	23deg:4:27	8	Est-1	12031	3.176935938
23-Nov-2017	7.P.B.3.c	23deg	4	4	23deg:4:4	9	Est-1:acd6-null	47255	12.47827344
23-Nov-2017	7.P.B.3.c	23deg	4	7	23deg:4:7	8	Est-1	31416	8.2957875
23-Nov-2017	7.P.B.3.c	23deg	4	8	23deg:4:8	8	Est-1	39150	10.33804688
23-Nov-2017	7.P.B.3.c	23deg	4	10	23deg:4:10	10	Est-1:acd6-null	50188	13.25276875
23-Nov-2017	7.P.B.3.c	23deg	4	19	23deg:4:19	8	Est-1	42896	11.327225
23-Nov-2017	7.P.B.3.c	23deg	4	26	23deg:4:26	9	Est-1:acd6-null	51664	13.642525
23-Nov-2017	7.P.B.3.c	23deg	4	27	23deg:4:27	8	Est-1	16427	4.337754688
24-Nov-2017	7.P.B.3.c	23deg	4	4	23deg:4:4	9	Est-1:acd6-null	57107	15.07981719
24-Nov-2017	7.P.B.3.c	23deg	4	7	23deg:4:7	8	Est-1	35296	9.32035
24-Nov-2017	7.P.B.3.c	23deg	4	8	23deg:4:8	8	Est-1	44106	11.64674063
24-Nov-2017	7.P.B.3.c	23deg	4	10	23deg:4:10	10	Est-1:acd6-null	61906	16.34705313
24-Nov-2017	7.P.B.3.c	23deg	4	19	23deg:4:19	8	Est-1	47278	12.48434688
24-Nov-2017	7.P.B.3.c	23deg	4	26	23deg:4:26	9	Est-1:acd6-null	56904	15.0262125
24-Nov-2017	7.P.B.3.c	23deg	4	27	23deg:4:27	8	Est-1	18395	4.857429688
25-Nov-2017	7.P.B.3.c	23deg	4	4	23deg:4:4	9	Est-1:acd6-null	59147	15.61850469
25-Nov-2017	7.P.B.3.c	23deg	4	7	23deg:4:7	8	Est-1	42293	11.16799531
25-Nov-2017	7.P.B.3.c	23deg	4	8	23deg:4:8	8	Est-1	49984	13.1989
25-Nov-2017	7.P.B.3.c	23deg	4	10	23deg:4:10	10	Est-1:acd6-null	71788	18.95651875
25-Nov-2017	7.P.B.3.c	23deg	4	19	23deg:4:19	8	Est-1	50372	13.30135625
25-Nov-2017	7.P.B.3.c	23deg	4	26	23deg:4:26	9	Est-1:acd6-null	63140	16.67290625
25-Nov-2017	7.P.B.3.c	23deg	4	27	23deg:4:27	8	Est-1	22222	5.867996875
26-Nov-2017	7.P.B.3.c	23deg	4	4	23deg:4:4	9	Est-1:acd6-null	63633	16.80308906
26-Nov-2017	7.P.B.3.c	23deg	4	7	23deg:4:7	8	Est-1	48184	12.7235875
26-Nov-2017	7.P.B.3.c	23deg	4	8	23deg:4:8	8	Est-1	54790	14.46798438
26-Nov-2017	7.P.B.3.c	23deg	4	10	23deg:4:10	10	Est-1:acd6-null	77340	20.42259375
26-Nov-2017	7.P.B.3.c	23deg	4	19	23deg:4:19	8	Est-1	43940	11.60290625
26-Nov-2017	7.P.B.3.c	23deg	4	26	23deg:4:26	9	Est-1:acd6-null	70672	18.661825
26-Nov-2017	7.P.B.3.c	23deg	4	27	23deg:4:27	8	Est-1	27370	7.227390625
14-Nov-2017	7.P.C.3.a	23deg	8	4	23deg:8:4	8	Est-1	3975	1.049648438
14-Nov-2017	7.P.C.3.a	23deg	8	7	23deg:8:7	9	Est-1:acd6-null	6112	1.61395
14-Nov-2017	7.P.C.3.a	23deg	8	8	23deg:8:8	8	Est-1	4581	1.209670313
14-Nov-2017	7.P.C.3.a	23deg	8	12	23deg:8:12	8	Est-1	4308	1.13758125
14-Nov-2017	7.P.C.3.a	23deg	8	27	23deg:8:27	8	Est-1	3757	0.992082813
14-Nov-2017	7.P.C.3.a	23deg	8	28	23deg:8:28	10	Est-1:acd6-null	4318	1.140221875
15-Nov-2017	7.P.C.3.a	23deg	8	4	23deg:8:4	8	Est-1	5178	1.367315625
15-Nov-2017	7.P.C.3.a	23deg	8	7	23deg:8:7	9	Est-1:acd6-null	6834	1.804603125
15-Nov-2017	7.P.C.3.a	23deg	8	8	23deg:8:8	8	Est-1	6177	1.631114063
15-Nov-2017	7.P.C.3.a	23deg	8	12	23deg:8:12	8	Est-1	5372	1.41854375
15-Nov-2017	7.P.C.3.a	23deg	8	27	23deg:8:27	8	Est-1	4960	1.30975
15-Nov-2017	7.P.C.3.a	23deg	8	28	23deg:8:28	10	Est-1:acd6-null	5403	1.426729688
16-Nov-2017	7.P.C.3.a	23deg	8	4	23deg:8:4	8	Est-1	7468	1.97201875
16-Nov-2017	7.P.C.3.a	23deg	8	7	23deg:8:7	9	Est-1:acd6-null	9056	2.39135
16-Nov-2017	7.P.C.3.a	23deg	8	8	23deg:8:8	8	Est-1	7641	2.017701563
16-Nov-2017	7.P.C.3.a	23deg	8	12	23deg:8:12	8	Est-1	7794	2.058103125
16-Nov-2017	7.P.C.3.a	23deg	8	27	23deg:8:27	8	Est-1	6477	1.710332813
16-Nov-2017	7.P.C.3.a	23deg	8	28	23deg:8:28	10	Est-1:acd6-null	6755	1.783742188
17-Nov-2017	7.P.C.3.a	23deg	8	4	23deg:8:4	8	Est-1	10482	2.767903125
17-Nov-2017	7.P.C.3.a	23deg	8	7	23deg:8:7	9	Est-1:acd6-null	11633	3.071839063
17-Nov-2017	7.P.C.3.a	23deg	8	8	23deg:8:8	8	Est-1	10640	2.809625
17-Nov-2017	7.P.C.3.a	23deg	8	12	23deg:8:12	8	Est-1	9807	2.589660938
17-Nov-2017	7.P.C.3.a	23deg	8	27	23deg:8:27	8	Est-1	9608	2.5371125
17-Nov-2017	7.P.C.3.a	23deg	8	28	23deg:8:28	10	Est-1:acd6-null	10043	2.651979688
18-Nov-2017	7.P.C.3.a	23deg	8	4	23deg:8:4	8	Est-1	15079	3.981798438
18-Nov-2017	7.P.C.3.a	23deg	8	7	23deg:8:7	9	Est-1:acd6-null	15021	3.966482813
18-Nov-2017	7.P.C.3.a	23deg	8	8	23deg:8:8	8	Est-1	14173	3.742557813
18-Nov-2017	7.P.C.3.a	23deg	8	12	23deg:8:12	8	Est-1	12346	3.260115625
18-Nov-2017	7.P.C.3.a	23deg	8	27	23deg:8:27	8	Est-1	13780	3.63878125
18-Nov-2017	7.P.C.3.a	23deg	8	28	23deg:8:28	10	Est-1:acd6-null	14607	3.857160938
19-Nov-2017	7.P.C.3.a	23deg	8	4	23deg:8:4	8	Est-1	18956	5.00556875
19-Nov-2017	7.P.C.3.a	23deg	8	7	23deg:8:7	9	Est-1:acd6-null	19816	5.2326625
19-Nov-2017	7.P.C.3.a	23deg	8	8	23deg:8:8	8	Est-1	18028	4.76051875
19-Nov-2017	7.P.C.3.a	23deg	8	12	23deg:8:12	8	Est-1	16115	4.255367188
19-Nov-2017	7.P.C.3.a	23deg	8	27	23deg:8:27	8	Est-1	18499	4.884892188
19-Nov-2017	7.P.C.3.a	23deg	8	28	23deg:8:28	10	Est-1:acd6-null	18877	4.984707813
20-Nov-2017	7.P.C.3.a	23deg	8	4	23deg:8:4	8	Est-1	24543	6.480885938
20-Nov-2017	7.P.C.3.a	23deg	8	7	23deg:8:7	9	Est-1:acd6-null	26021	6.871170313
20-Nov-2017	7.P.C.3.a	23deg	8	8	23deg:8:8	8	Est-1	19977	5.275176563
20-Nov-2017	7.P.C.3.a	23deg	8	12	23deg:8:12	8	Est-1	19270	5.088484375
20-Nov-2017	7.P.C.3.a	23deg	8	27	23deg:8:27	8	Est-1	21996	5.80831875
20-Nov-2017	7.P.C.3.a	23deg	8	28	23deg:8:28	10	Est-1:acd6-null	27675	7.307929688
21-Nov-2017	7.P.C.3.a	23deg	8	4	23deg:8:4	8	Est-1	26568	7.0156125
21-Nov-2017	7.P.C.3.a	23deg	8	7	23deg:8:7	9	Est-1:acd6-null	32396	8.55456875
21-Nov-2017	7.P.C.3.a	23deg	8	8	23deg:8:8	8	Est-1	23476	6.19913125
21-Nov-2017	7.P.C.3.a	23deg	8	12	23deg:8:12	8	Est-1	21957	5.798020313
21-Nov-2017	7.P.C.3.a	23deg	8	27	23deg:8:27	8	Est-1	30268	7.99264375
21-Nov-2017	7.P.C.3.a	23deg	8	28	23deg:8:28	10	Est-1:acd6-null	31970	8.442078125
22-Nov-2017	7.P.C.3.a	23deg	8	4	23deg:8:4	8	Est-1	31248	8.251425
22-Nov-2017	7.P.C.3.a	23deg	8	7	23deg:8:7	9	Est-1:acd6-null	39723	10.48935469
22-Nov-2017	7.P.C.3.a	23deg	8	8	23deg:8:8	8	Est-1	27904	7.3684
22-Nov-2017	7.P.C.3.a	23deg	8	12	23deg:8:12	8	Est-1	26636	7.03356875
22-Nov-2017	7.P.C.3.a	23deg	8	27	23deg:8:27	8	Est-1	35958	9.495159375
22-Nov-2017	7.P.C.3.a	23deg	8	28	23deg:8:28	10	Est-1:acd6-null	40547	10.70694219
23-Nov-2017	7.P.C.3.a	23deg	8	4	23deg:8:4	8	Est-1	33730	8.906828125
23-Nov-2017	7.P.C.3.a	23deg	8	7	23deg:8:7	9	Est-1:acd6-null	49726	13.13077188
23-Nov-2017	7.P.C.3.a	23deg	8	8	23deg:8:8	8	Est-1	33497	8.845301563
23-Nov-2017	7.P.C.3.a	23deg	8	12	23deg:8:12	8	Est-1	31902	8.424121875
23-Nov-2017	7.P.C.3.a	23deg	8	27	23deg:8:27	8	Est-1	36446	9.624021875
23-Nov-2017	7.P.C.3.a	23deg	8	28	23deg:8:28	10	Est-1:acd6-null	48488	12.8038625
24-Nov-2017	7.P.C.3.a	23deg	8	4	23deg:8:4	8	Est-1	37994	10.03279063
24-Nov-2017	7.P.C.3.a	23deg	8	7	23deg:8:7	9	Est-1:acd6-null	56748	14.98501875
24-Nov-2017	7.P.C.3.a	23deg	8	8	23deg:8:8	8	Est-1	40029	10.57015781
24-Nov-2017	7.P.C.3.a	23deg	8	12	23deg:8:12	8	Est-1	39029	10.30609531
24-Nov-2017	7.P.C.3.a	23deg	8	27	23deg:8:27	8	Est-1	43107	11.38294219
24-Nov-2017	7.P.C.3.a	23deg	8	28	23deg:8:28	10	Est-1:acd6-null	59612	15.74129375
25-Nov-2017	7.P.C.3.a	23deg	8	4	23deg:8:4	8	Est-1	43338	11.44394063
25-Nov-2017	7.P.C.3.a	23deg	8	7	23deg:8:7	9	Est-1:acd6-null	62511	16.50681094
25-Nov-2017	7.P.C.3.a	23deg	8	8	23deg:8:8	8	Est-1	44774	11.82313438
25-Nov-2017	7.P.C.3.a	23deg	8	12	23deg:8:12	8	Est-1	44933	11.86512031
25-Nov-2017	7.P.C.3.a	23deg	8	27	23deg:8:27	8	Est-1	53117	14.02620781
25-Nov-2017	7.P.C.3.a	23deg	8	28	23deg:8:28	10	Est-1:acd6-null	65377	17.26361406
26-Nov-2017	7.P.C.3.a	23deg	8	4	23deg:8:4	8	Est-1	51068	13.48514375
26-Nov-2017	7.P.C.3.a	23deg	8	7	23deg:8:7	9	Est-1:acd6-null	72993	19.27471406
26-Nov-2017	7.P.C.3.a	23deg	8	8	23deg:8:8	8	Est-1	49880	13.1714375
26-Nov-2017	7.P.C.3.a	23deg	8	12	23deg:8:12	8	Est-1	53421	14.10648281
26-Nov-2017	7.P.C.3.a	23deg	8	27	23deg:8:27	8	Est-1	53426	14.10780313
26-Nov-2017	7.P.C.3.a	23deg	8	28	23deg:8:28	10	Est-1:acd6-null	73488	19.405425
14-Nov-2017	7.P.C.3.b	23deg	7	9	23deg:7:9	8	Est-1	3093	0.816745313
14-Nov-2017	7.P.C.3.b	23deg	7	10	23deg:7:10	9	Est-1:acd6-null	4938	1.303940625
14-Nov-2017	7.P.C.3.b	23deg	7	11	23deg:7:11	9	Est-1:acd6-null	6151	1.624248438
14-Nov-2017	7.P.C.3.b	23deg	7	14	23deg:7:14	10	Est-1:acd6-null	4105	1.083976563
14-Nov-2017	7.P.C.3.b	23deg	7	18	23deg:7:18	8	Est-1	4605	1.216007813
14-Nov-2017	7.P.C.3.b	23deg	7	25	23deg:7:25	10	Est-1:acd6-null	5013	1.323745313
15-Nov-2017	7.P.C.3.b	23deg	7	9	23deg:7:9	8	Est-1	3953	1.043839063
15-Nov-2017	7.P.C.3.b	23deg	7	10	23deg:7:10	9	Est-1:acd6-null	6980	1.84315625
15-Nov-2017	7.P.C.3.b	23deg	7	11	23deg:7:11	9	Est-1:acd6-null	7472	1.973075
15-Nov-2017	7.P.C.3.b	23deg	7	14	23deg:7:14	10	Est-1:acd6-null	5466	1.443365625
15-Nov-2017	7.P.C.3.b	23deg	7	18	23deg:7:18	8	Est-1	6124	1.61711875
15-Nov-2017	7.P.C.3.b	23deg	7	25	23deg:7:25	10	Est-1:acd6-null	7127	1.881973438
16-Nov-2017	7.P.C.3.b	23deg	7	9	23deg:7:9	8	Est-1	5522	1.458153125
16-Nov-2017	7.P.C.3.b	23deg	7	10	23deg:7:10	9	Est-1:acd6-null	9108	2.40508125
16-Nov-2017	7.P.C.3.b	23deg	7	11	23deg:7:11	9	Est-1:acd6-null	9727	2.568535938
16-Nov-2017	7.P.C.3.b	23deg	7	14	23deg:7:14	10	Est-1:acd6-null	6853	1.809620313
16-Nov-2017	7.P.C.3.b	23deg	7	18	23deg:7:18	8	Est-1	6846	1.807771875
16-Nov-2017	7.P.C.3.b	23deg	7	25	23deg:7:25	10	Est-1:acd6-null	7964	2.10299375
17-Nov-2017	7.P.C.3.b	23deg	7	9	23deg:7:9	8	Est-1	7735	2.042523438
17-Nov-2017	7.P.C.3.b	23deg	7	10	23deg:7:10	9	Est-1:acd6-null	12735	3.362835938
17-Nov-2017	7.P.C.3.b	23deg	7	11	23deg:7:11	9	Est-1:acd6-null	11779	3.110392188
17-Nov-2017	7.P.C.3.b	23deg	7	14	23deg:7:14	10	Est-1:acd6-null	9166	2.420396875
17-Nov-2017	7.P.C.3.b	23deg	7	18	23deg:7:18	8	Est-1	10061	2.656732813
17-Nov-2017	7.P.C.3.b	23deg	7	25	23deg:7:25	10	Est-1:acd6-null	13404	3.53949375
18-Nov-2017	7.P.C.3.b	23deg	7	9	23deg:7:9	8	Est-1	9619	2.540017188
18-Nov-2017	7.P.C.3.b	23deg	7	10	23deg:7:10	9	Est-1:acd6-null	17801	4.700576563
18-Nov-2017	7.P.C.3.b	23deg	7	11	23deg:7:11	9	Est-1:acd6-null	16263	4.294448438
18-Nov-2017	7.P.C.3.b	23deg	7	14	23deg:7:14	10	Est-1:acd6-null	13536	3.57435
18-Nov-2017	7.P.C.3.b	23deg	7	18	23deg:7:18	8	Est-1	14297	3.775301563
18-Nov-2017	7.P.C.3.b	23deg	7	25	23deg:7:25	10	Est-1:acd6-null	16636	4.39294375
19-Nov-2017	7.P.C.3.b	23deg	7	9	23deg:7:9	8	Est-1	11636	3.07263125
19-Nov-2017	7.P.C.3.b	23deg	7	10	23deg:7:10	9	Est-1:acd6-null	23776	6.27835
19-Nov-2017	7.P.C.3.b	23deg	7	11	23deg:7:11	9	Est-1:acd6-null	22184	5.8579625
19-Nov-2017	7.P.C.3.b	23deg	7	14	23deg:7:14	10	Est-1:acd6-null	17105	4.516789063
19-Nov-2017	7.P.C.3.b	23deg	7	18	23deg:7:18	8	Est-1	18676	4.93163125
19-Nov-2017	7.P.C.3.b	23deg	7	25	23deg:7:25	10	Est-1:acd6-null	24713	6.525776563
20-Nov-2017	7.P.C.3.b	23deg	7	9	23deg:7:9	8	Est-1	14452	3.81623125
20-Nov-2017	7.P.C.3.b	23deg	7	10	23deg:7:10	9	Est-1:acd6-null	32177	8.496739063
20-Nov-2017	7.P.C.3.b	23deg	7	11	23deg:7:11	9	Est-1:acd6-null	28724	7.58493125
20-Nov-2017	7.P.C.3.b	23deg	7	14	23deg:7:14	10	Est-1:acd6-null	22116	5.84000625
20-Nov-2017	7.P.C.3.b	23deg	7	18	23deg:7:18	8	Est-1	23875	6.304492188
20-Nov-2017	7.P.C.3.b	23deg	7	25	23deg:7:25	10	Est-1:acd6-null	31534	8.326946875
21-Nov-2017	7.P.C.3.b	23deg	7	9	23deg:7:9	8	Est-1	17304	4.5693375
21-Nov-2017	7.P.C.3.b	23deg	7	10	23deg:7:10	9	Est-1:acd6-null	38585	10.18885156
21-Nov-2017	7.P.C.3.b	23deg	7	11	23deg:7:11	9	Est-1:acd6-null	37084	9.79249375
21-Nov-2017	7.P.C.3.b	23deg	7	14	23deg:7:14	10	Est-1:acd6-null	27609	7.290501563
21-Nov-2017	7.P.C.3.b	23deg	7	18	23deg:7:18	8	Est-1	28965	7.648570313
21-Nov-2017	7.P.C.3.b	23deg	7	25	23deg:7:25	10	Est-1:acd6-null	30427	8.034629688
22-Nov-2017	7.P.C.3.b	23deg	7	9	23deg:7:9	8	Est-1	22657	5.982864063
22-Nov-2017	7.P.C.3.b	23deg	7	10	23deg:7:10	9	Est-1:acd6-null	44551	11.76424844
22-Nov-2017	7.P.C.3.b	23deg	7	11	23deg:7:11	9	Est-1:acd6-null	46763	12.34835469
22-Nov-2017	7.P.C.3.b	23deg	7	14	23deg:7:14	10	Est-1:acd6-null	36272	9.578075
22-Nov-2017	7.P.C.3.b	23deg	7	18	23deg:7:18	8	Est-1	35629	9.408282813
22-Nov-2017	7.P.C.3.b	23deg	7	25	23deg:7:25	10	Est-1:acd6-null	43780	11.56065625
23-Nov-2017	7.P.C.3.b	23deg	7	9	23deg:7:9	8	Est-1	24727	6.529473438
23-Nov-2017	7.P.C.3.b	23deg	7	10	23deg:7:10	9	Est-1:acd6-null	51677	13.64595781
23-Nov-2017	7.P.C.3.b	23deg	7	11	23deg:7:11	9	Est-1:acd6-null	53865	14.22372656
23-Nov-2017	7.P.C.3.b	23deg	7	14	23deg:7:14	10	Est-1:acd6-null	50192	13.253825
23-Nov-2017	7.P.C.3.b	23deg	7	18	23deg:7:18	8	Est-1	40119	10.59392344
23-Nov-2017	7.P.C.3.b	23deg	7	25	23deg:7:25	10	Est-1:acd6-null	55153	14.56383906
24-Nov-2017	7.P.C.3.b	23deg	7	9	23deg:7:9	8	Est-1	30770	8.125203125
24-Nov-2017	7.P.C.3.b	23deg	7	10	23deg:7:10	9	Est-1:acd6-null	57278	15.12497188
24-Nov-2017	7.P.C.3.b	23deg	7	11	23deg:7:11	9	Est-1:acd6-null	61610	16.26889063
24-Nov-2017	7.P.C.3.b	23deg	7	14	23deg:7:14	10	Est-1:acd6-null	59271	15.65124844
24-Nov-2017	7.P.C.3.b	23deg	7	18	23deg:7:18	8	Est-1	46138	12.18331563
24-Nov-2017	7.P.C.3.b	23deg	7	25	23deg:7:25	10	Est-1:acd6-null	64629	17.06609531
25-Nov-2017	7.P.C.3.b	23deg	7	9	23deg:7:9	8	Est-1	35661	9.416732813
25-Nov-2017	7.P.C.3.b	23deg	7	10	23deg:7:10	9	Est-1:acd6-null	63757	16.83583281
25-Nov-2017	7.P.C.3.b	23deg	7	11	23deg:7:11	9	Est-1:acd6-null	68501	18.08854531
25-Nov-2017	7.P.C.3.b	23deg	7	14	23deg:7:14	10	Est-1:acd6-null	67758	17.89234688
25-Nov-2017	7.P.C.3.b	23deg	7	18	23deg:7:18	8	Est-1	54285	14.33463281
25-Nov-2017	7.P.C.3.b	23deg	7	25	23deg:7:25	10	Est-1:acd6-null	70730	18.67714063
26-Nov-2017	7.P.C.3.b	23deg	7	9	23deg:7:9	8	Est-1	45044	11.89443125
26-Nov-2017	7.P.C.3.b	23deg	7	10	23deg:7:10	9	Est-1:acd6-null	75620	19.96840625
26-Nov-2017	7.P.C.3.b	23deg	7	11	23deg:7:11	9	Est-1:acd6-null	83479	22.04367344
26-Nov-2017	7.P.C.3.b	23deg	7	14	23deg:7:14	10	Est-1:acd6-null	78508	20.73101875
26-Nov-2017	7.P.C.3.b	23deg	7	18	23deg:7:18	8	Est-1	56738	14.98237813
26-Nov-2017	7.P.C.3.b	23deg	7	25	23deg:7:25	10	Est-1:acd6-null	76177	20.11548906
14-Nov-2017	7.P.C.3.c	23deg	6	2	23deg:6:2	10	Est-1:acd6-null	3731	0.985217188
14-Nov-2017	7.P.C.3.c	23deg	6	8	23deg:6:8	8	Est-1	3693	0.975182813
14-Nov-2017	7.P.C.3.c	23deg	6	13	23deg:6:13	10	Est-1:acd6-null	2924	0.77211875
14-Nov-2017	7.P.C.3.c	23deg	6	18	23deg:6:18	8	Est-1	4758	1.256409375
14-Nov-2017	7.P.C.3.c	23deg	6	20	23deg:6:20	9	Est-1:acd6-null	1592	0.4203875
14-Nov-2017	7.P.C.3.c	23deg	6	22	23deg:6:22	8	Est-1	3921	1.035389063
15-Nov-2017	7.P.C.3.c	23deg	6	2	23deg:6:2	10	Est-1:acd6-null	4404	1.16293125
15-Nov-2017	7.P.C.3.c	23deg	6	8	23deg:6:8	8	Est-1	5244	1.38474375
15-Nov-2017	7.P.C.3.c	23deg	6	13	23deg:6:13	10	Est-1:acd6-null	4068	1.07420625
15-Nov-2017	7.P.C.3.c	23deg	6	18	23deg:6:18	8	Est-1	5247	1.385535938
15-Nov-2017	7.P.C.3.c	23deg	6	20	23deg:6:20	9	Est-1:acd6-null	2269	0.599157813
15-Nov-2017	7.P.C.3.c	23deg	6	22	23deg:6:22	8	Est-1	5447	1.438348438
16-Nov-2017	7.P.C.3.c	23deg	6	2	23deg:6:2	10	Est-1:acd6-null	5327	1.406660938
16-Nov-2017	7.P.C.3.c	23deg	6	8	23deg:6:8	8	Est-1	5946	1.570115625
16-Nov-2017	7.P.C.3.c	23deg	6	13	23deg:6:13	10	Est-1:acd6-null	6209	1.639564063
16-Nov-2017	7.P.C.3.c	23deg	6	18	23deg:6:18	8	Est-1	6101	1.611045313
16-Nov-2017	7.P.C.3.c	23deg	6	20	23deg:6:20	9	Est-1:acd6-null	2969	0.784001563
16-Nov-2017	7.P.C.3.c	23deg	6	22	23deg:6:22	8	Est-1	7129	1.882501563
17-Nov-2017	7.P.C.3.c	23deg	6	2	23deg:6:2	10	Est-1:acd6-null	6320	1.668875
17-Nov-2017	7.P.C.3.c	23deg	6	8	23deg:6:8	8	Est-1	9339	2.466079688
17-Nov-2017	7.P.C.3.c	23deg	6	13	23deg:6:13	10	Est-1:acd6-null	8230	2.173234375
17-Nov-2017	7.P.C.3.c	23deg	6	18	23deg:6:18	8	Est-1	8378	2.212315625
17-Nov-2017	7.P.C.3.c	23deg	6	20	23deg:6:20	9	Est-1:acd6-null	4310	1.138109375
17-Nov-2017	7.P.C.3.c	23deg	6	22	23deg:6:22	8	Est-1	9652	2.54873125
18-Nov-2017	7.P.C.3.c	23deg	6	2	23deg:6:2	10	Est-1:acd6-null	7878	2.080284375
18-Nov-2017	7.P.C.3.c	23deg	6	8	23deg:6:8	8	Est-1	12004	3.16980625
18-Nov-2017	7.P.C.3.c	23deg	6	13	23deg:6:13	10	Est-1:acd6-null	12905	3.407726563
18-Nov-2017	7.P.C.3.c	23deg	6	18	23deg:6:18	8	Est-1	12591	3.324810938
18-Nov-2017	7.P.C.3.c	23deg	6	20	23deg:6:20	9	Est-1:acd6-null	6151	1.624248438
18-Nov-2017	7.P.C.3.c	23deg	6	22	23deg:6:22	8	Est-1	14086	3.719584375
19-Nov-2017	7.P.C.3.c	23deg	6	2	23deg:6:2	10	Est-1:acd6-null	9750	2.574609375
19-Nov-2017	7.P.C.3.c	23deg	6	8	23deg:6:8	8	Est-1	16336	4.313725
19-Nov-2017	7.P.C.3.c	23deg	6	13	23deg:6:13	10	Est-1:acd6-null	17939	4.737017188
19-Nov-2017	7.P.C.3.c	23deg	6	18	23deg:6:18	8	Est-1	17720	4.6791875
19-Nov-2017	7.P.C.3.c	23deg	6	20	23deg:6:20	9	Est-1:acd6-null	9246	2.441521875
19-Nov-2017	7.P.C.3.c	23deg	6	22	23deg:6:22	8	Est-1	18418	4.863503125
20-Nov-2017	7.P.C.3.c	23deg	6	2	23deg:6:2	10	Est-1:acd6-null	11530	3.044640625
20-Nov-2017	7.P.C.3.c	23deg	6	8	23deg:6:8	8	Est-1	20658	5.455003125
20-Nov-2017	7.P.C.3.c	23deg	6	13	23deg:6:13	10	Est-1:acd6-null	24503	6.470323438
20-Nov-2017	7.P.C.3.c	23deg	6	18	23deg:6:18	8	Est-1	21970	5.801453125
20-Nov-2017	7.P.C.3.c	23deg	6	20	23deg:6:20	9	Est-1:acd6-null	12849	3.392939063
20-Nov-2017	7.P.C.3.c	23deg	6	22	23deg:6:22	8	Est-1	21826	5.763428125
21-Nov-2017	7.P.C.3.c	23deg	6	2	23deg:6:2	10	Est-1:acd6-null	13356	3.52681875
21-Nov-2017	7.P.C.3.c	23deg	6	8	23deg:6:8	8	Est-1	23132	6.10829375
21-Nov-2017	7.P.C.3.c	23deg	6	13	23deg:6:13	10	Est-1:acd6-null	33753	8.912901563
21-Nov-2017	7.P.C.3.c	23deg	6	18	23deg:6:18	8	Est-1	27778	7.335128125
21-Nov-2017	7.P.C.3.c	23deg	6	20	23deg:6:20	9	Est-1:acd6-null	17817	4.704801563
21-Nov-2017	7.P.C.3.c	23deg	6	22	23deg:6:22	8	Est-1	26565	7.014820313
22-Nov-2017	7.P.C.3.c	23deg	6	2	23deg:6:2	10	Est-1:acd6-null	13574	3.584384375
22-Nov-2017	7.P.C.3.c	23deg	6	8	23deg:6:8	8	Est-1	26831	7.085060938
22-Nov-2017	7.P.C.3.c	23deg	6	13	23deg:6:13	10	Est-1:acd6-null	44487	11.74734844
22-Nov-2017	7.P.C.3.c	23deg	6	18	23deg:6:18	8	Est-1	32860	8.67709375
22-Nov-2017	7.P.C.3.c	23deg	6	20	23deg:6:20	9	Est-1:acd6-null	23275	6.146054688
22-Nov-2017	7.P.C.3.c	23deg	6	22	23deg:6:22	8	Est-1	31681	8.365764063
23-Nov-2017	7.P.C.3.c	23deg	6	2	23deg:6:2	10	Est-1:acd6-null	15745	4.157664063
23-Nov-2017	7.P.C.3.c	23deg	6	8	23deg:6:8	8	Est-1	30747	8.119129688
23-Nov-2017	7.P.C.3.c	23deg	6	13	23deg:6:13	10	Est-1:acd6-null	54530	14.39932813
23-Nov-2017	7.P.C.3.c	23deg	6	18	23deg:6:18	8	Est-1	36522	9.644090625
23-Nov-2017	7.P.C.3.c	23deg	6	20	23deg:6:20	9	Est-1:acd6-null	30252	7.98841875
23-Nov-2017	7.P.C.3.c	23deg	6	22	23deg:6:22	8	Est-1	35399	9.347548438
24-Nov-2017	7.P.C.3.c	23deg	6	2	23deg:6:2	10	Est-1:acd6-null	17867	4.718004688
24-Nov-2017	7.P.C.3.c	23deg	6	8	23deg:6:8	8	Est-1	37327	9.856660938
24-Nov-2017	7.P.C.3.c	23deg	6	13	23deg:6:13	10	Est-1:acd6-null	64292	16.97710625
24-Nov-2017	7.P.C.3.c	23deg	6	18	23deg:6:18	8	Est-1	42725	11.28207031
24-Nov-2017	7.P.C.3.c	23deg	6	20	23deg:6:20	9	Est-1:acd6-null	40867	10.79144219
24-Nov-2017	7.P.C.3.c	23deg	6	22	23deg:6:22	8	Est-1	43412	11.46348125
25-Nov-2017	7.P.C.3.c	23deg	6	2	23deg:6:2	10	Est-1:acd6-null	26937	7.113051563
25-Nov-2017	7.P.C.3.c	23deg	6	8	23deg:6:8	8	Est-1	43929	11.60000156
25-Nov-2017	7.P.C.3.c	23deg	6	13	23deg:6:13	10	Est-1:acd6-null	72995	19.27524219
25-Nov-2017	7.P.C.3.c	23deg	6	18	23deg:6:18	8	Est-1	50098	13.22900313
25-Nov-2017	7.P.C.3.c	23deg	6	20	23deg:6:20	9	Est-1:acd6-null	55985	14.78353906
25-Nov-2017	7.P.C.3.c	23deg	6	22	23deg:6:22	8	Est-1	52380	13.83159375
26-Nov-2017	7.P.C.3.c	23deg	6	2	23deg:6:2	10	Est-1:acd6-null	31423	8.297635938
26-Nov-2017	7.P.C.3.c	23deg	6	8	23deg:6:8	8	Est-1	47184	12.459525
26-Nov-2017	7.P.C.3.c	23deg	6	13	23deg:6:13	10	Est-1:acd6-null	77486	20.46114688
26-Nov-2017	7.P.C.3.c	23deg	6	18	23deg:6:18	8	Est-1	63152	16.676075
26-Nov-2017	7.P.C.3.c	23deg	6	20	23deg:6:20	9	Est-1:acd6-null	66906	17.66736563
26-Nov-2017	7.P.C.3.c	23deg	6	22	23deg:6:22	8	Est-1	53156	14.03650625
14-Nov-2017	7.P.D.3.a	23deg	5	0	23deg:5:0	9	Est-1:acd6-null	4107	1.084504688
14-Nov-2017	7.P.D.3.a	23deg	5	9	23deg:5:9	8	Est-1	3392	0.8957
14-Nov-2017	7.P.D.3.a	23deg	5	15	23deg:5:15	8	Est-1	2253	0.594932813
14-Nov-2017	7.P.D.3.a	23deg	5	17	23deg:5:17	8	Est-1	4430	1.169796875
14-Nov-2017	7.P.D.3.a	23deg	5	23	23deg:5:23	9	Est-1:acd6-null	4535	1.197523438
14-Nov-2017	7.P.D.3.a	23deg	5	28	23deg:5:28	10	Est-1:acd6-null	3339	0.881704688
15-Nov-2017	7.P.D.3.a	23deg	5	0	23deg:5:0	9	Est-1:acd6-null	5656	1.4935375
15-Nov-2017	7.P.D.3.a	23deg	5	9	23deg:5:9	8	Est-1	4591	1.212310938
15-Nov-2017	7.P.D.3.a	23deg	5	15	23deg:5:15	8	Est-1	3986	1.052553125
15-Nov-2017	7.P.D.3.a	23deg	5	17	23deg:5:17	8	Est-1	5068	1.33826875
15-Nov-2017	7.P.D.3.a	23deg	5	23	23deg:5:23	9	Est-1:acd6-null	5717	1.509645313
15-Nov-2017	7.P.D.3.a	23deg	5	28	23deg:5:28	10	Est-1:acd6-null	4484	1.18405625
16-Nov-2017	7.P.D.3.a	23deg	5	0	23deg:5:0	9	Est-1:acd6-null	7180	1.89596875
16-Nov-2017	7.P.D.3.a	23deg	5	9	23deg:5:9	8	Est-1	6034	1.593353125
16-Nov-2017	7.P.D.3.a	23deg	5	15	23deg:5:15	8	Est-1	5290	1.396890625
16-Nov-2017	7.P.D.3.a	23deg	5	17	23deg:5:17	8	Est-1	6049	1.597314063
16-Nov-2017	7.P.D.3.a	23deg	5	23	23deg:5:23	9	Est-1:acd6-null	6673	1.762089063
16-Nov-2017	7.P.D.3.a	23deg	5	28	23deg:5:28	10	Est-1:acd6-null	6426	1.696865625
17-Nov-2017	7.P.D.3.a	23deg	5	0	23deg:5:0	9	Est-1:acd6-null	8922	2.355965625
17-Nov-2017	7.P.D.3.a	23deg	5	9	23deg:5:9	8	Est-1	7125	1.881445313
17-Nov-2017	7.P.D.3.a	23deg	5	15	23deg:5:15	8	Est-1	7121	1.880389063
17-Nov-2017	7.P.D.3.a	23deg	5	17	23deg:5:17	8	Est-1	7992	2.1103875
17-Nov-2017	7.P.D.3.a	23deg	5	23	23deg:5:23	9	Est-1:acd6-null	8981	2.371545313
17-Nov-2017	7.P.D.3.a	23deg	5	28	23deg:5:28	10	Est-1:acd6-null	8827	2.330879688
18-Nov-2017	7.P.D.3.a	23deg	5	0	23deg:5:0	9	Est-1:acd6-null	10205	2.694757813
18-Nov-2017	7.P.D.3.a	23deg	5	9	23deg:5:9	8	Est-1	9320	2.4610625
18-Nov-2017	7.P.D.3.a	23deg	5	15	23deg:5:15	8	Est-1	8555	2.259054688
18-Nov-2017	7.P.D.3.a	23deg	5	17	23deg:5:17	8	Est-1	8810	2.326390625
18-Nov-2017	7.P.D.3.a	23deg	5	23	23deg:5:23	9	Est-1:acd6-null	12593	3.325339063
18-Nov-2017	7.P.D.3.a	23deg	5	28	23deg:5:28	10	Est-1:acd6-null	12422	3.280184375
19-Nov-2017	7.P.D.3.a	23deg	5	0	23deg:5:0	9	Est-1:acd6-null	12139	3.205454688
19-Nov-2017	7.P.D.3.a	23deg	5	9	23deg:5:9	8	Est-1	12060	3.18459375
19-Nov-2017	7.P.D.3.a	23deg	5	15	23deg:5:15	8	Est-1	12256	3.23635
19-Nov-2017	7.P.D.3.a	23deg	5	17	23deg:5:17	8	Est-1	10364	2.73674375
19-Nov-2017	7.P.D.3.a	23deg	5	23	23deg:5:23	9	Est-1:acd6-null	16037	4.234770313
19-Nov-2017	7.P.D.3.a	23deg	5	28	23deg:5:28	10	Est-1:acd6-null	16056	4.2397875
20-Nov-2017	7.P.D.3.a	23deg	5	0	23deg:5:0	9	Est-1:acd6-null	14209	3.752064063
20-Nov-2017	7.P.D.3.a	23deg	5	9	23deg:5:9	8	Est-1	14675	3.875117188
20-Nov-2017	7.P.D.3.a	23deg	5	15	23deg:5:15	8	Est-1	14416	3.806725
20-Nov-2017	7.P.D.3.a	23deg	5	17	23deg:5:17	8	Est-1	12838	3.390034375
20-Nov-2017	7.P.D.3.a	23deg	5	23	23deg:5:23	9	Est-1:acd6-null	21357	5.639582813
20-Nov-2017	7.P.D.3.a	23deg	5	28	23deg:5:28	10	Est-1:acd6-null	19706	5.203615625
21-Nov-2017	7.P.D.3.a	23deg	5	0	23deg:5:0	9	Est-1:acd6-null	15873	4.191464063
21-Nov-2017	7.P.D.3.a	23deg	5	9	23deg:5:9	8	Est-1	16910	4.465296875
21-Nov-2017	7.P.D.3.a	23deg	5	15	23deg:5:15	8	Est-1	18803	4.965167188
21-Nov-2017	7.P.D.3.a	23deg	5	17	23deg:5:17	8	Est-1	13682	3.612903125
21-Nov-2017	7.P.D.3.a	23deg	5	23	23deg:5:23	9	Est-1:acd6-null	27893	7.365495313
21-Nov-2017	7.P.D.3.a	23deg	5	28	23deg:5:28	10	Est-1:acd6-null	27206	7.184084375
22-Nov-2017	7.P.D.3.a	23deg	5	0	23deg:5:0	9	Est-1:acd6-null	16878	4.456846875
22-Nov-2017	7.P.D.3.a	23deg	5	9	23deg:5:9	8	Est-1	20513	5.416714063
22-Nov-2017	7.P.D.3.a	23deg	5	15	23deg:5:15	8	Est-1	24219	6.395329688
22-Nov-2017	7.P.D.3.a	23deg	5	17	23deg:5:17	8	Est-1	15763	4.162417188
22-Nov-2017	7.P.D.3.a	23deg	5	23	23deg:5:23	9	Est-1:acd6-null	35649	9.413564063
22-Nov-2017	7.P.D.3.a	23deg	5	28	23deg:5:28	10	Est-1:acd6-null	35626	9.407490625
23-Nov-2017	7.P.D.3.a	23deg	5	0	23deg:5:0	9	Est-1:acd6-null	17707	4.675754688
23-Nov-2017	7.P.D.3.a	23deg	5	9	23deg:5:9	8	Est-1	23479	6.199923438
23-Nov-2017	7.P.D.3.a	23deg	5	15	23deg:5:15	8	Est-1	34140	9.01509375
23-Nov-2017	7.P.D.3.a	23deg	5	17	23deg:5:17	8	Est-1	17730	4.681828125
23-Nov-2017	7.P.D.3.a	23deg	5	23	23deg:5:23	9	Est-1:acd6-null	43160	11.3969375
23-Nov-2017	7.P.D.3.a	23deg	5	28	23deg:5:28	10	Est-1:acd6-null	46873	12.37740156
24-Nov-2017	7.P.D.3.a	23deg	5	0	23deg:5:0	9	Est-1:acd6-null	18941	5.001607813
24-Nov-2017	7.P.D.3.a	23deg	5	9	23deg:5:9	8	Est-1	30617	8.084801563
24-Nov-2017	7.P.D.3.a	23deg	5	15	23deg:5:15	8	Est-1	39039	10.30873594
24-Nov-2017	7.P.D.3.a	23deg	5	17	23deg:5:17	8	Est-1	21445	5.662820313
24-Nov-2017	7.P.D.3.a	23deg	5	23	23deg:5:23	9	Est-1:acd6-null	50442	13.31984063
24-Nov-2017	7.P.D.3.a	23deg	5	28	23deg:5:28	10	Est-1:acd6-null	57213	15.10780781
25-Nov-2017	7.P.D.3.a	23deg	5	0	23deg:5:0	9	Est-1:acd6-null	20635	5.448929688
25-Nov-2017	7.P.D.3.a	23deg	5	9	23deg:5:9	8	Est-1	39629	10.46453281
25-Nov-2017	7.P.D.3.a	23deg	5	15	23deg:5:15	8	Est-1	41443	10.94354219
25-Nov-2017	7.P.D.3.a	23deg	5	17	23deg:5:17	8	Est-1	25537	6.743364063
25-Nov-2017	7.P.D.3.a	23deg	5	23	23deg:5:23	9	Est-1:acd6-null	60004	15.84480625
25-Nov-2017	7.P.D.3.a	23deg	5	28	23deg:5:28	10	Est-1:acd6-null	67060	17.70803125
26-Nov-2017	7.P.D.3.a	23deg	5	0	23deg:5:0	9	Est-1:acd6-null	23099	6.099579688
26-Nov-2017	7.P.D.3.a	23deg	5	9	23deg:5:9	8	Est-1	44222	11.67737188
26-Nov-2017	7.P.D.3.a	23deg	5	15	23deg:5:15	8	Est-1	46477	12.27283281
26-Nov-2017	7.P.D.3.a	23deg	5	17	23deg:5:17	8	Est-1	30556	8.06869375
26-Nov-2017	7.P.D.3.a	23deg	5	23	23deg:5:23	9	Est-1:acd6-null	70392	18.5878875
26-Nov-2017	7.P.D.3.a	23deg	5	28	23deg:5:28	10	Est-1:acd6-null	73215	19.33333594
