#metadata_combined_16S_2017_2018_harvest_years								
Sample	Primer	Frameshift	Experiment	Plate pos	Code	Site	Genotype	Harvest_Year
RM133L1S1	515	F34R34	HIF	1	4_02	F_Tue	HIF:Est-1	2018
RM133L1S100	515	F56R12	HIF	4	5_09	GH_Tue	HIF:Col-0	2018
RM133L1S101	515	F56R12	HIF	5	1_22	GH_Tue	HIF:Col-0	2018
RM133L1S102	515	F56R12	HIF	6	7_23	GH_Tue	HIF:Est-1	2018
RM133L1S103	515	F56R12	HIF	7	4_14	GH_Tue	HIF:Col-0	2018
RM133L1S104	515	F56R12	HIF	8	5_03	GH_Tue	HIF:Col-0	2018
RM133L1S105	515	F56R12	HIF	9	8_03	GH_Tue	HIF:Col-0	2018
RM133L1S106	515	F56R12	HIF	10	8_12	GH_Tue	HIF:Est-1	2018
RM133L1S107	515	F56R12	HIF	11	3_11	GH_Tue	HIF:Est-1	2018
RM133L1S108	515	F56R12	HIF	12	3_20	GH_Tue	HIF:Col-0	2018
RM133L1S109	515	F56R12	HIF	13	4_21	GH_Tue	HIF:Est-1	2018
RM133L1S110	515	F56R12	HIF	14	5_37	GH_Tue	HIF:Col-0	2018
RM133L1S111	515	F56R12	HIF	15	7_01	GH_Tue	HIF:Col-0	2018
RM133L1S112	515	F56R12	HIF	16	7_04	GH_Tue	HIF:Col-0	2018
RM133L1S113	515	F56R12	HIF	17	4_02	GH_Tue	HIF:Col-0	2018
RM133L1S114	515	F56R12	HIF	18	4_24	GH_Tue	HIF:Est-1	2018
RM133L1S115	515	F56R12	HIF	19	10_28	GH_Tue	HIF:Est-1	2018
RM133L1S116	515	F56R12	HIF	20	1_03	GH_Tue	HIF:Est-1	2018
RM133L1S117	515	F56R12	HIF	21	4_26	GH_Tue	HIF:Est-1	2018
RM133L1S118	515	F56R12	HIF	22	1_02	GH_Tue	HIF:Est-1	2018
RM133L1S119	515	F56R12	HIF	23	8_08	GH_Tue	HIF:Est-1	2018
RM133L1S12	515	F34R34	HIF	12	13_28	F_Tue	HIF:Col-0	2018
RM133L1S120	515	F56R12	HIF	24	6_36	GH_Tue	HIF:Col-0	2018
RM133L1S121	515	F56R12	CRISPR	25	7_02	GH_Tue	Est-1	2018
RM133L1S122	515	F56R12	CRISPR	26	6_28	GH_Tue	Est-1	2018
RM133L1S123	515	F56R12	CRISPR	27	3_09	GH_Tue	Est-1:acd6-null	2018
RM133L1S124	515	F56R12	CRISPR	28	7_13	GH_Tue	Est-1	2018
RM133L1S125	515	F56R12	CRISPR	29	5_38	GH_Tue	Est-1:acd6-null	2018
RM133L1S126	515	F56R12	CRISPR	30	5_12	GH_Tue	Est-1:acd6-null	2018
RM133L1S127	515	F56R12	CRISPR	31	10_03	GH_Tue	Est-1	2018
RM133L1S128	515	F56R12	CRISPR	32	7_20	GH_Tue	Est-1:acd6-null	2018
RM133L1S129	515	F56R12	CRISPR	33	6_06	GH_Tue	Est-1:acd6-null	2018
RM133L1S13	515	F34R34	HIF	13	9_14	F_Tue	HIF:Est-1	2018
RM133L1S130	515	F56R12	CRISPR	34	9_35	GH_Tue	Est-1	2018
RM133L1S131	515	F56R12	CRISPR	35	2_04	GH_Tue	Est-1:acd6-null	2018
RM133L1S132	515	F56R12	CRISPR	36	8_07	GH_Tue	Est-1:acd6-null	2018
RM133L1S133	515	F56R12	CRISPR	37	10_35	GH_Tue	Est-1	2018
RM133L1S134	515	F56R12	CRISPR	38	6_37	GH_Tue	Est-1:acd6-null	2018
RM133L1S135	515	F56R12	CRISPR	39	9_31	GH_Tue	Est-1	2018
RM133L1S136	515	F56R12	CRISPR	40	8_20	GH_Tue	Est-1:acd6-null	2018
RM133L1S137	515	F56R12	CRISPR	41	7_11	GH_Tue	Est-1:acd6-null	2018
RM133L1S138	515	F56R12	CRISPR	42	1_21	GH_Tue	Est-1	2018
RM133L1S139	515	F56R12	CRISPR	43	4_29	GH_Tue	Est-1	2018
RM133L1S14	515	F34R34	HIF	14	12_35	F_Tue	HIF:Col-0	2018
RM133L1S140	515	F56R12	CRISPR	44	4_28	GH_Tue	Est-1:acd6-null	2018
RM133L1S141	515	F56R12	CRISPR	45	3_10	GH_Tue	Est-1	2018
RM133L1S142	515	F56R12	CRISPR	46	3_37	GH_Tue	Est-1	2018
RM133L1S143	515	F56R12	CRISPR	47	5_02	GH_Tue	Est-1	2018
RM133L1S144	515	F56R12	CRISPR	48	10_12	GH_Tue	Est-1:acd6-null	2018
RM133L1S15	515	F34R34	HIF	15	16_04	F_Tue	HIF:Col-0	2018
RM133L1S16	515	F34R34	HIF	16	2_30	F_Tue	HIF:Col-0	2018
RM133L1S17	515	F34R34	HIF	17	15_05	F_Tue	HIF:Est-1	2018
RM133L1S2	515	F34R34	HIF	2	12_06	F_Tue	HIF:Col-0	2018
RM133L1S20	515	F34R34	HIF	20	12_33	F_Tue	HIF:Est-1	2018
RM133L1S21	515	F34R34	HIF	21	13_37	F_Tue	HIF:Est-1	2018
RM133L1S22	515	F34R34	HIF	22	12_39	F_Tue	HIF:Est-1	2018
RM133L1S23	515	F34R34	HIF	23	15_20	F_Tue	HIF:Col-0	2018
RM133L1S24	515	F34R34	HIF	24	2_39	F_Tue	HIF:Col-0	2018
RM133L1S26	515	F34R34	HIF	26	4_03	F_Tue	HIF:Est-1	2018
RM133L1S27	515	F34R34	HIF	27	9_37	F_Tue	HIF:Col-0	2018
RM133L1S29	515	F34R34	HIF	29	16_29	F_Tue	HIF:Col-0	2018
RM133L1S3	515	F34R34	HIF	3	13_39	F_Tue	HIF:Col-0	2018
RM133L1S31	515	F34R34	HIF	31	1_28	F_Tue	HIF:Col-0	2018
RM133L1S32	515	F34R34	HIF	32	15_22	F_Tue	HIF:Col-0	2018
RM133L1S37	515	F34R34	HIF	37	12_34	F_Tue	HIF:Est-1	2018
RM133L1S39	515	F34R34	HIF	39	1_25	F_Tue	HIF:Est-1	2018
RM133L1S4	515	F34R34	HIF	4	8_19	F_Tue	HIF:Est-1	2018
RM133L1S40	515	F34R34	HIF	40	11_38	F_Tue	HIF:Est-1	2018
RM133L1S41	515	F34R34	HIF	41	13_04	F_Tue	HIF:Est-1	2018
RM133L1S42	515	F34R34	HIF	42	8_07	F_Tue	HIF:Col-0	2018
RM133L1S43	515	F34R34	HIF	43	6_28	F_Tue	HIF:Col-0	2018
RM133L1S44	515	F34R34	HIF	44	2_36	F_Tue	HIF:Est-1	2018
RM133L1S46	515	F34R34	HIF	46	9_04	F_Tue	HIF:Col-0	2018
RM133L1S49	515	F34R34	HIF	49	4_05	F_Tue	HIF:Col-0	2018
RM133L1S5	515	F34R34	HIF	5	2_23	F_Tue	HIF:Est-1	2018
RM133L1S50	515	F34R34	HIF	50	12_29	F_Tue	HIF:Col-0	2018
RM133L1S51	515	F34R34	HIF	51	5_25	F_Tue	HIF:Col-0	2018
RM133L1S52	515	F34R34	HIF	52	15_08	F_Tue	HIF:Col-0	2018
RM133L1S53	515	F34R34	HIF	53	7_02	F_Tue	HIF:Col-0	2018
RM133L1S56	515	F34R34	HIF	56	7_12	F_Tue	HIF:Col-0	2018
RM133L1S57	515	F34R34	HIF	57	11_39	F_Tue	HIF:Col-0	2018
RM133L1S58	515	F34R34	HIF	58	15_06	F_Tue	HIF:Est-1	2018
RM133L1S59	515	F34R34	HIF	59	3_35	F_Tue	HIF:Est-1	2018
RM133L1S60	515	F34R34	HIF	60	3_33	F_Tue	HIF:Est-1	2018
RM133L1S61	515	F34R34	HIF	61	5_03	F_Tue	HIF:Est-1	2018
RM133L1S62	515	F34R34	HIF	62	1_09	F_Tue	HIF:Col-0	2018
RM133L1S67	515	F34R34	HIF	67	7_04	F_Tue	HIF:Est-1	2018
RM133L1S9	515	F34R34	HIF	9	16_31	F_Tue	HIF:Est-1	2018
RM133L1S97	515	F56R12	HIF	1	1_06	GH_Tue	HIF:Col-0	2018
RM133L1S98	515	F56R12	HIF	2	3_04	GH_Tue	HIF:Est-1	2018
RM133L1S99	515	F56R12	HIF	3	6_31	GH_Tue	HIF:Est-1	2018
RM81L1S1	515	F1F3F5	HIF	1	25_25	F_Tue	likeHIF:Est-1	2017
RM81L1S10	515	F1F3F5	HIF	10	25_06	F_Tue	likeHIF:Col-0	2017
RM81L1S100	515	F2F4F6	CRISPR	4	4_04	GH_Tue	HIF:Est-1-Est-1:acd6-null	2017
RM81L1S101	515	F2F4F6	CRISPR	5	5_28	GH_Tue	HIF:Est-1-1	2017
RM81L1S102	515	F2F4F6	CRISPR	6	6_22	GH_Tue	HIF:Est-1-1	2017
RM81L1S103	515	F2F4F6	CRISPR	7	8_19	GH_Tue	HIF:Est-1-Est-1:acd6-null	2017
RM81L1S104	515	F2F4F6	CRISPR	8	1_20	GH_Tue	HIF:Est-1-1	2017
RM81L1S105	515	F2F4F6	CRISPR	9	8_03	GH_Tue	HIF:Est-1-1	2017
RM81L1S106	515	F2F4F6	CRISPR	10	4_07	GH_Tue	HIF:Est-1-1	2017
RM81L1S107	515	F2F4F6	CRISPR	11	4_08	GH_Tue	HIF:Est-1-1	2017
RM81L1S108	515	F2F4F6	CRISPR	12	3_08	GH_Tue	HIF:Est-1-Est-1:acd6-null	2017
RM81L1S109	515	F2F4F6	CRISPR	13	1_33	GH_Tue	HIF:Est-1-Est-1:acd6-null	2017
RM81L1S11	515	F1F3F5	HIF	11	25_21	F_Tue	likeHIF:Col-0	2017
RM81L1S110	515	F2F4F6	CRISPR	14	5_20	GH_Tue	HIF:Est-1-Est-1:acd6-null	2017
RM81L1S111	515	F2F4F6	CRISPR	15	2_32	GH_Tue	HIF:Est-1-Est-1:acd6-null	2017
RM81L1S112	515	F2F4F6	CRISPR	16	6_32	GH_Tue	HIF:Est-1-1	2017
RM81L1S113	515	F2F4F6	CRISPR	17	1_17	GH_Tue	HIF:Est-1-Est-1:acd6-null	2017
RM81L1S114	515	F2F4F6	CRISPR	18	1_18	GH_Tue	HIF:Est-1-Est-1:acd6-null	2017
RM81L1S115	515	F2F4F6	CRISPR	19	8_33	GH_Tue	HIF:Est-1-Est-1:acd6-null	2017
RM81L1S116	515	F2F4F6	CRISPR	20	3_15	GH_Tue	HIF:Est-1-1	2017
RM81L1S117	515	F2F4F6	CRISPR	21	2_24	GH_Tue	HIF:Est-1-Est-1:acd6-null	2017
RM81L1S118	515	F2F4F6	CRISPR	22	1_21	GH_Tue	HIF:Est-1-1	2017
RM81L1S119	515	F2F4F6	CRISPR	23	8_40	GH_Tue	HIF:Est-1-Est-1:acd6-null	2017
RM81L1S120	515	F2F4F6	CRISPR	24	4_05	GH_Tue	HIF:Est-1-Est-1:acd6-null	2017
RM81L1S13	515	F1F3F5	HIF	13	27_40	F_Tue	likeHIF:Est-1	2017
RM81L1S14	515	F1F3F5	HIF	14	27_01	F_Tue	likeHIF:Col-0	2017
RM81L1S16	515	F1F3F5	HIF	16	25_30	F_Tue	likeHIF:Col-0	2017
RM81L1S17	515	F1F3F5	HIF	17	27_37	F_Tue	likeHIF:Est-1	2017
RM81L1S18	515	F1F3F5	HIF	18	25_07	F_Tue	likeHIF:Est-1	2017
RM81L1S2	515	F1F3F5	HIF	2	25_10	F_Tue	likeHIF:Est-1	2017
RM81L1S20	515	F1F3F5	HIF	20	27_02	F_Tue	likeHIF:Col-0	2017
RM81L1S21	515	F1F3F5	HIF	21	27_34	F_Tue	likeHIF:Est-1	2017
RM81L1S22	515	F1F3F5	HIF	22	27_08	F_Tue	likeHIF:Col-0	2017
RM81L1S23	515	F1F3F5	HIF	23	27_05	F_Tue	likeHIF:Est-1	2017
RM81L1S26	515	F1F3F5	HIF	26	27_32	F_Tue	likeHIF:Col-0	2017
RM81L1S28	515	F1F3F5	HIF	28	27_25	F_Tue	likeHIF:Col-0	2017
RM81L1S29	515	F1F3F5	HIF	29	25_36	F_Tue	likeHIF:Col-0	2017
RM81L1S32	515	F1F3F5	HIF	32	25_05	F_Tue	likeHIF:Col-0	2017
RM81L1S33	515	F1F3F5	HIF	33	25_31	F_Tue	likeHIF:Est-1	2017
RM81L1S36	515	F1F3F5	HIF	36	27_28	F_Tue	likeHIF:Col-0	2017
RM81L1S37	515	F1F3F5	HIF	37	25_27	F_Tue	likeHIF:Est-1	2017
RM81L1S38	515	F1F3F5	HIF	38	25_18	F_Tue	likeHIF:Col-0	2017
RM81L1S39	515	F1F3F5	HIF	39	25_17	F_Tue	likeHIF:Col-0	2017
RM81L1S41	515	F1F3F5	HIF	41	10_04	GH_Tue	likeHIF:Col-0	2017
RM81L1S42	515	F1F3F5	HIF	42	10_31	GH_Tue	likeHIF:Col-0	2017
RM81L1S43	515	F1F3F5	HIF	43	10_30	GH_Tue	likeHIF:Col-0	2017
RM81L1S44	515	F1F3F5	HIF	44	10_22	GH_Tue	likeHIF:Est-1	2017
RM81L1S46	515	F1F3F5	HIF	46	10_14	GH_Tue	likeHIF:Col-0	2017
RM81L1S47	515	F1F3F5	HIF	47	10_20	GH_Tue	likeHIF:Est-1	2017
RM81L1S49	515	F1F3F5	HIF	49	10_06	GH_Tue	likeHIF:Est-1	2017
RM81L1S5	515	F1F3F5	HIF	5	25_28	F_Tue	likeHIF:Est-1	2017
RM81L1S50	515	F1F3F5	HIF	50	10_08	GH_Tue	likeHIF:Col-0	2017
RM81L1S51	515	F1F3F5	HIF	51	10_10	GH_Tue	likeHIF:Est-1	2017
RM81L1S52	515	F1F3F5	HIF	52	10_27	GH_Tue	likeHIF:Col-0	2017
RM81L1S55	515	F1F3F5	HIF	55	9_05	GH_Tue	likeHIF:Col-0	2017
RM81L1S56	515	F1F3F5	HIF	56	9_34	GH_Tue	likeHIF:Col-0	2017
RM81L1S57	515	F1F3F5	HIF	57	9_40	GH_Tue	likeHIF:Est-1	2017
RM81L1S58	515	F1F3F5	HIF	58	9_12	GH_Tue	likeHIF:Est-1	2017
RM81L1S59	515	F1F3F5	HIF	59	9_15	GH_Tue	likeHIF:Est-1	2017
RM81L1S6	515	F1F3F5	HIF	6	27_12	F_Tue	likeHIF:Est-1	2017
RM81L1S60	515	F1F3F5	HIF	60	9_14	GH_Tue	likeHIF:Col-0	2017
RM81L1S61	515	F1F3F5	HIF	61	9_31	GH_Tue	likeHIF:Est-1	2017
RM81L1S62	515	F1F3F5	HIF	62	9_01	GH_Tue	likeHIF:Col-0	2017
RM81L1S63	515	F1F3F5	HIF	63	9_18	GH_Tue	likeHIF:Col-0	2017
RM81L1S65	515	F1F3F5	HIF	65	10_13	GH_Tue	likeHIF:Col-0	2017
RM81L1S67	515	F1F3F5	HIF	67	10_18	GH_Tue	likeHIF:Est-1	2017
RM81L1S68	515	F1F3F5	HIF	68	10_32	GH_Tue	likeHIF:Est-1	2017
RM81L1S69	515	F1F3F5	HIF	69	9_21	GH_Tue	likeHIF:Col-0	2017
RM81L1S7	515	F1F3F5	HIF	7	25_15	F_Tue	likeHIF:Est-1	2017
RM81L1S70	515	F1F3F5	HIF	70	9_35	GH_Tue	likeHIF:Est-1	2017
RM81L1S74	515	F1F3F5	HIF	74	9_33	GH_Tue	likeHIF:Est-1	2017
RM81L1S77	515	F1F3F5	HIF	77	10_39	GH_Tue	likeHIF:Est-1	2017
RM81L1S8	515	F1F3F5	HIF	8	27_14	F_Tue	likeHIF:Est-1	2017
RM81L1S9	515	F1F3F5	HIF	9	27_38	F_Tue	likeHIF:Est-1	2017
RM81L1S98	515	F2F4F6	CRISPR	2	4_28	GH_Tue	HIF:Est-1-1	2017
RM81L1S99	515	F2F4F6	CRISPR	3	6_14	GH_Tue	HIF:Est-1-1	2017
