Sample	Environment	Genotype	Environment:Genotype
R82L1S10	F-Tue	HIF:Est-1	F-Tue_HIF:Est-1
R82L1S11	F-Tue	HIF:Col-0	F-Tue_HIF:Col-0
R82L1S12	GH-Tue	HIF:Col-0	GH-Tue_HIF:Col-0
R82L1S15	GH-Tue	HIF:Col-0	GH-Tue_HIF:Col-0
R82L1S17	GH-Tue	Est-1:acd6-null	GH-Tue_Est-1:acd6-null
R82L1S19	GH-Tue	HIF:Col-0	GH-Tue_HIF:Col-0
R82L1S2	GH-Tue	Est1	GH-Tue_Est1
R82L1S20	GH-Tue	HIF:Est-1	GH-Tue_HIF:Est-1
R82L1S21	GH-Tue	Est-1:acd6-null	GH-Tue_Est-1:acd6-null
R82L1S22	F-Tue	HIF:Est-1	F-Tue_HIF:Est-1
R82L1S25	GH-Tue	Est-1:acd6-null	GH-Tue_Est-1:acd6-null
R82L1S26	GH-Tue	HIF:Est-1	GH-Tue_HIF:Est-1
R82L1S27	GH-Tue	Est-1:acd6-null	GH-Tue_Est-1:acd6-null
R82L1S28	GH-Tue	HIF:Col-0	GH-Tue_HIF:Col-0
R82L1S30	GH-Tue	Est-1:acd6-null	GH-Tue_Est-1:acd6-null
R82L1S31	GH-Tue	Est-1:acd6-null	GH-Tue_Est-1:acd6-null
R82L1S32	F-Tue	HIF:Col-0	F-Tue_HIF:Col-0
R82L1S33	GH-Tue	HIF:Est-1	GH-Tue_HIF:Est-1
R82L1S34	GH-Tue	HIF:Est-1	GH-Tue_HIF:Est-1
R82L1S35	F-Tue	HIF:Col-0	F-Tue_HIF:Col-0
R82L1S36	GH-Tue	HIF:Col-0	GH-Tue_HIF:Col-0
R82L1S37	F-Tue	HIF:Est-1	F-Tue_HIF:Est-1
R82L1S38	GH-Tue	Est1	GH-Tue_Est1
R82L1S4	F-Tue	HIF:Est-1	F-Tue_HIF:Est-1
R82L1S40	GH-Tue	HIF:Est-1	GH-Tue_HIF:Est-1
R82L1S42	GH-Tue	HIF:Col-0	GH-Tue_HIF:Col-0
R82L1S43	GH-Tue	Est1	GH-Tue_Est1
R82L1S44	GH-Tue	HIF:Col-0	GH-Tue_HIF:Col-0
R82L1S45	F-Tue	HIF:Est-1	F-Tue_HIF:Est-1
R82L1S46	GH-Tue	Est-1:acd6-null	GH-Tue_Est-1:acd6-null
R82L1S47	GH-Tue	Est1	GH-Tue_Est1
R82L1S48	F-Tue	HIF:Col-0	F-Tue_HIF:Col-0
R82L1S49	GH-Tue	Est-1:acd6-null	GH-Tue_Est-1:acd6-null
R82L1S50	GH-Tue	Est1	GH-Tue_Est1
R82L1S52	F-Tue	HIF:Col-0	F-Tue_HIF:Col-0
R82L1S53	GH-Tue	HIF:Est-1	GH-Tue_HIF:Est-1
R82L1S55	F-Tue	HIF:Est-1	F-Tue_HIF:Est-1
R82L1S56	F-Tue	HIF:Col-0	F-Tue_HIF:Col-0
R82L1S58	GH-Tue	Est1	GH-Tue_Est1
R82L1S59	GH-Tue	HIF:Est-1	GH-Tue_HIF:Est-1
R82L1S60	GH-Tue	Est1	GH-Tue_Est1
R82L1S61	GH-Tue	HIF:Col-0	GH-Tue_HIF:Col-0
R82L1S62	GH-Tue	Est1	GH-Tue_Est1
R82L1S64	F-Tue	HIF:Est-1	F-Tue_HIF:Est-1
R82L1S65	GH-Tue	HIF:Est-1	GH-Tue_HIF:Est-1
R82L1S66	GH-Tue	Est-1:acd6-null	GH-Tue_Est-1:acd6-null
R82L1S68	GH-Tue	HIF:Est-1	GH-Tue_HIF:Est-1
R82L1S69	F-Tue	HIF:Col-0	F-Tue_HIF:Col-0
R82L1S70	F-Tue	HIF:Est-1	F-Tue_HIF:Est-1
R82L1S71	GH-Tue	Est-1:acd6-null	GH-Tue_Est-1:acd6-null
R82L1S72	F-Tue	HIF:Est-1	F-Tue_HIF:Est-1
R82L1S73	GH-Tue	HIF:Col-0	GH-Tue_HIF:Col-0
R82L1S76	F-Tue	HIF:Col-0	F-Tue_HIF:Col-0
R82L1S77	GH-Tue	HIF:Col-0	GH-Tue_HIF:Col-0
R82L1S8	F-Tue	HIF:Est-1	F-Tue_HIF:Est-1
R82L1S80	GH-Tue	Est1	GH-Tue_Est1
R82L1S81	F-Tue	HIF:Est-1	F-Tue_HIF:Est-1
R82L1S82	GH-Tue	HIF:Est-1	GH-Tue_HIF:Est-1
R82L1S83	F-Tue	HIF:Est-1	F-Tue_HIF:Est-1
R82L1S84	F-Tue	HIF:Col-0	F-Tue_HIF:Col-0
R82L1S85	F-Tue	HIF:Col-0	F-Tue_HIF:Col-0
R82L1S86	GH-Tue	Est-1:acd6-null	GH-Tue_Est-1:acd6-null
R82L1S87	GH-Tue	HIF:Col-0	GH-Tue_HIF:Col-0
R82L1S88	GH-Tue	HIF:Est-1	GH-Tue_HIF:Est-1
R82L1S89	F-Tue	HIF:Col-0	F-Tue_HIF:Col-0
R82L1S90	F-Tue	HIF:Est-1	F-Tue_HIF:Est-1
R82L1S91	GH-Tue	HIF:Est-1	GH-Tue_HIF:Est-1
R82L1S92	GH-Tue	HIF:Col-0	GH-Tue_HIF:Col-0
R82L1S93	F-Tue	HIF:Col-0	F-Tue_HIF:Col-0
R82L1S95	GH-Tue	Est-1:acd6-null	GH-Tue_Est-1:acd6-null
R82L1S96	F-Tue	HIF:Col-0	F-Tue_HIF:Col-0
R211L5S1	F-Z	Est-1:acd6-null	F-Z_Est-1:acd6-null
R211L5S5	F-Z	Est-1:acd6-null	F-Z_Est-1:acd6-null
R211L5S6	F-Z	Est1	F-Z_Est1
R211L5S8	F-Z	Est-1:acd6-null	F-Z_Est-1:acd6-null
R211L5S10	F-Z	Est1	F-Z_Est1
R211L5S11	F-Z	Est-1:acd6-null	F-Z_Est-1:acd6-null
R211L5S12	F-Z	Est1	F-Z_Est1
R211L5S14	F-Z	Est-1:acd6-null	F-Z_Est-1:acd6-null
R211L5S15	F-Z	Est1	F-Z_Est1
R211L5S16	F-Z	Est-1:acd6-null	F-Z_Est-1:acd6-null
R211L5S17	F-Z	Est-1:acd6-null	F-Z_Est-1:acd6-null
R211L5S18	F-Z	Est-1:acd6-null	F-Z_Est-1:acd6-null
R211L5S21	F-Z	Est-1:acd6-null	F-Z_Est-1:acd6-null
R211L5S22	F-Z	Est-1:acd6-null	F-Z_Est-1:acd6-null
R211L5S23	F-Z	Est-1:acd6-null	F-Z_Est-1:acd6-null
R211L5S24	F-Z	Est1	F-Z_Est1
R211L5S26	F-Z	Est1	F-Z_Est1
R211L5S27	F-Z	Est-1:acd6-null	F-Z_Est-1:acd6-null
R211L5S29	F-Z	Est1	F-Z_Est1
R211L5S30	F-Z	Est1	F-Z_Est1
R211L5S32	F-Z	Est1	F-Z_Est1
R211L5S33	F-Z	Est-1:acd6-null	F-Z_Est-1:acd6-null
R211L5S34	F-Z	Est-1:acd6-null	F-Z_Est-1:acd6-null
R211L5S35	F-Z	Est-1:acd6-null	F-Z_Est-1:acd6-null
R211L5S36	F-Z	Est-1:acd6-null	F-Z_Est-1:acd6-null
R211L5S37	F-Z	Est-1:acd6-null	F-Z_Est-1:acd6-null
R211L5S38	F-Z	Est-1:acd6-null	F-Z_Est-1:acd6-null
R211L5S39	F-Z	Est1	F-Z_Est1
R211L5S40	F-Z	Est1	F-Z_Est1
R211L5S41	F-Z	Est1	F-Z_Est1
R211L5S42	F-Z	Est-1:acd6-null	F-Z_Est-1:acd6-null
R211L5S43	F-Z	Est1	F-Z_Est1
R211L5S46	F-Z	Est1	F-Z_Est1
R211L5S48	F-Z	Est1	F-Z_Est1
R211L5S50	F-Z	Est1	F-Z_Est1
R211L5S53	F-Z	Est-1:acd6-null	F-Z_Est-1:acd6-null
R211L5S56	F-Z	Est-1:acd6-null	F-Z_Est-1:acd6-null
R211L5S58	F-Z	Est1	F-Z_Est1
R211L5S61	F-Z	Est-1:acd6-null	F-Z_Est-1:acd6-null
R211L5S63	F-Z	Est1	F-Z_Est1
R211L5S64	F-Z	Est-1:acd6-null	F-Z_Est-1:acd6-null
R211L5S66	F-Z	Est-1:acd6-null	F-Z_Est-1:acd6-null
R211L5S68	F-Z	Est1	F-Z_Est1
R211L5S69	F-Z	Est1	F-Z_Est1
R211L5S70	F-Z	Est-1:acd6-null	F-Z_Est-1:acd6-null
R211L5S72	F-Z	Est-1:acd6-null	F-Z_Est-1:acd6-null
R211L5S73	F-Z	Est-1:acd6-null	F-Z_Est-1:acd6-null
R211L5S74	F-Z	Est1	F-Z_Est1
R211L5S75	F-Z	Est1	F-Z_Est1
R211L5S78	F-Z	Est-1:acd6-null	F-Z_Est-1:acd6-null
R211L5S79	F-Z	Est1	F-Z_Est1
